from,to,year,relationship,sector,channel,id,season
ec,siebentoechter,zweineunzehn,candidate,tvshow,VOX,ec,
sn,abenteuermexico,zweizweiundzwanzig,host,documentation,ARD,sn,
sg,aboutyou,zweizwanzig,cooperation,advertisement,,sg,
sg,aboutyou,zweineunzehn,cooperation,fashion,,sg,
sg,aboutyou,zweieinundzwanzig,cooperation,fashion,,sg,
sg,aboutyou,zweizweiundzwanzig,cooperation,fashion,,sg,
SH,aboutyou,zweineunzehn,model,advertisement,,SH,
tda,aboutyou,,model,modeling,,tda,
lg,aboutyouaward,zweisiebzehn,host,event,Pro7,lg,eins
lg,aboutyouaward,zweiachtzehn,host,event,Pro7,lg,eins
rm,absoluteMehrheit,zweidreizehn,candidate,tvshow,Pro7,rm,
dc,adidas,zweieinundzwanzig,model,modeling,,dc,sechszehn
mn,adidas,zweielf,model,advertisement,,mn,
HN,adidasxkanyewestshow,zweifuenfzehn,model,modeling,,HN,
HN,adoreme,,model,modeling,,HN,
CB,agnesb,,model,modeling,,CB,
rm,allegegeneinen,zweiachtzehn,host,tvshow,Pro7,rm,
tda,amazon,zweieinundzwanzig,model,modeling,,tda,
cz,animalproject,zweizweiundzwanzig,founder,charity,,cz,
AW,annaunddieliebe,zweiacht,actress,tvshow,Sat1,AW,
AW,annaunddieliebe,zweineun,actress,tvshow,Sat2,AW,
le,annettegoertz,zweisechszehn,model,modeling,,le,
lg,ANTM,zweineun,host,tvshow,Puls4,lg,eins
lg,ANTM,zweizehn,host,tvshow,Puls5,lg,eins
lg,ANTM,zweielf,host,tvshow,Puls6,lg,eins
lg,ANTM,zweizwoelf,host,tvshow,Puls7,lg,eins
HN,apmnyc,,contract,modeling,,HN,
BM,apothekerin,zweidreizehn,actor,movie,,BM,
aa,armani,zweiachtzehn,model,modeling,,aa,
aa,armani,zweiachtzehn,model,advertisement,,aa,
mn,armans,zweifuenfzehn,actor,tvshow,WDR,mn,
BM,armyofthieves,zweieinundzwanzig,actor,movie,,BM,
LH,asos,,model,modeling,,LH,
sg,asphaltgorillas,zweiachtzehn,actor,movie,,sg,
HN,atopmodelinnewyork,zweidreizehn,actor,movie,,HN,
le,ausbildung,zweizwanzig,trainee,,,le,
rm,backstageGNTM,zweizwoelf,host,tvshow,Pro7,rm,
rm,backstageGNTM,zweidreizehn,host,tvshow,Pro7,rm,
jb,backwerk,zweivierzehn,job,food,,jb,
jb,backwerk,zweifuenfzehn,job,food,,jb,
jb,backwerk,zweisechzehn,job,food,,jb,
jb,backwerk,zweisiebzehn,job,food,,jb,
jb,backwerk,zweiachtzehn,job,food,,jb,
jb,backwerk,zweineunzehn,job,food,,jb,
jb,backwerk,zweizwanzig,job,food,,jb,
jb,backwerk,zweieinundzwanzig,job,food,,jb,
jb,backwerk,zweizweiundzwanzig,job,food,,jb,
CB,balmai,,model,modeling,,CB,
lwe,becomealive,zweivierzehn,founder,health,,lwe,
lwe,becomealive,zweifuenfzehn,founder,health,,lwe,
lwe,becomealive,zweisechszehn,founder,health,,lwe,
lwe,becomealive,zweisiebzehn,founder,health,,lwe,
lwe,becomealive,zweiachtzehn,founder,health,,lwe,
lwe,becomealive,zweineunzehn,founder,health,,lwe,
lwe,becomealive,zweizweiundzwanzig,founder,health,,lwe,
lwe,becomealive,zweieinundzwanzig,founder,health,,lwe,
lwe,becomealive,zweizweiundzwanzig,founder,health,,lwe,
dc,behindeblueeyes,zweieinundzwanzig,actor,musicvideo,,dc,sechszehn
lg,Bengio,zweiachtzehn,actor,musicvideo,,lg,eins
CB,bershka,,model,advertisement,,CB,
DM,Betreuungshilfe,,job,health,,DM,
mu,bodylondon,zweizweiundzwanzig,contract,modeling,,mu,
le,bonprix,zweidreizehn,model,modeling,,le,
CB,bree,,model,advertisement,,CB,
le,breuninger,zweisechszehn,model,modeling,,le,
SH,brigitte,zweineunzehn,model,modeling,,SH,
dc,buchstabenBattle,zweieinundzwanzig,candidate,tvshow,RTL,dc,sechszehn
jwr,bullsmgmt,zweieinundzwanzig,contract,modeling,,jwr,
jwr,bullsmgmt,zweizweiundzwanzig,contract,modeling,,jwr,
sn,bundesministerium,zweiachtzehn,ambassador,charity,,sn,
sn,bundesministerium,zweineunzehn,ambassador,charity,,sn,
sn,bundesministerium,zweizwanzig,ambassador,charity,,sn,
sn,bundesministerium,zweieinundzwanzig,ambassador,charity,,sn,
sn,bundesministerium,zweizweiundzwanzig,ambassador,charity,,sn,
sg,butler,zweisechszehn,love,,,sg,
sg,butler,zweisiebzehn,love,,,sg,
sg,butler,zweiachtzehn,love,,,sg,
sg,butler,zweineunzehn,love,,,sg,
sg,butler,zweizwanzig,love,,,sg,
sg,butler,zweieinundzwanzig,love,,,sg,
sg,butler,zweizweiundzwanzig,love,,,sg,
sg,bvlgari,zweieinundzwanzig,model,advertisement,,sg,
rm,bwmcommunications,zweizwoelf,contract,showbusiness,,rm,
rm,bwmcommunications,zweidreizehn,contract,showbusiness,,rm,
rm,bwmcommunications,zweivierzehn,contract,showbusiness,,rm,
rm,bwmcommunications,zweifuenfzehn,contract,showbusiness,,rm,
rm,bwmcommunications,zweisechszehn,contract,showbusiness,,rm,
rm,bwmcommunications,zweisiebzehn,contract,showbusiness,,rm,
rm,bwmcommunications,zweiachtzehn,contract,showbusiness,,rm,
rm,bwmcommunications,zweineunzehn,contract,showbusiness,,rm,
rm,bwmcommunications,zweizwanzig,contract,showbusiness,,rm,
rm,bwmcommunications,zweieinundzwanzig,contract,showbusiness,,rm,
rm,bwmcommunications,zweizweiundzwanzig,contract,showbusiness,,rm,
sg,calvink,zweifuenfzehn,model,advertisement,,sg,
so,calzedonia,zweieinundzwanzig,model,modeling,,so,sechszehn
mvg,campdavid,,model,modeling,,mvg,
HN,campdavidandsoccx,,model,modeling,,HN,
SH,careline,zweiachtzehn,model,advertisement,,SH,
SH,castrofashion,zweiachtzehn,model,advertisement,,SH,
BM,celebrity,zweisieben,model,modeling,,BM,
jds,celiaczerlisnki,,model,modeling,,jds,
sn,chloe,zweiachtzehn,ambassador,advertisement,,sn,
sn,chloe,zweiachtzehn,model,advertisement,,sn,
BM,christineperfektwargestern,zweidreizehn,actor,tvshow,RTL,BM,
aa,citymodels,zweielf,contract,modeling,,aa,
aa,citymodels,zweizwoelf,contract,modeling,,aa,
aa,citymodels,zweidreizehn,contract,modeling,,aa,
aa,citymodels,zweivierzehn,contract,modeling,,aa,
aa,citymodels,zweifuenfzehn,contract,modeling,,aa,
aa,citymodels,zweisechszehn,contract,modeling,,aa,
aa,citymodels,zweisiebzehn,contract,modeling,,aa,
aa,citymodels,zweiachtzehn,contract,modeling,,aa,
aa,citymodels,zweineunzehn,contract,modeling,,aa,
aa,citymodels,zweizwanzig,contract,modeling,,aa,
aa,citymodels,zweieinundzwanzig,contract,modeling,,aa,
aa,citymodels,zweizweiundzwanzig,contract,modeling,,aa,
SAH,cityzeit,zweisiebzehn,model,modeling,,SAH,
HN,cocacola,,ambassador,advertisement,,HN,
HN,cocoon,,model,modeling,,HN,
ak,cosmopolitan,zweizwoelf,model,modeling,,ak,
BM,cosmopolitan,zweiacht,model,modeling,,BM,
CB,cosmopolitan,,model,modeling,,CB,
HN,cosmopolitan,,model,modeling,,HN,
jb,cosmopolitan,zweielf,model,modeling,,jb,
jb,cosmopolitan,zweizwoelf,model,modeling,,jb,
kh,cosmopolitan,zweisechszehn,model,modeling,,kh,
LH,cosmopolitan,zweizwoelf,model,modeling,,LH,
sg,cosmopolitan,zweivierzehn,model,modeling,,sg,
ap,cro,zweisiebzehn,actor,musicvideo,,ap,
ap,cro,zweisiebzehn,love,,,ap,
CB,cruisearoundtheworld,zweizwanzig,model,modeling,,CB,
jds,cunda,,ambassador,advertisement,,jds,
jh,cunda,zweiacht,model,modeling,,jh,
sn,cunda,zweizehn,model,advertisement,,sn,
tda,danielwellington,,model,modeling,,tda,
lg,dasdingdesjahres,zweiachtzehn,jury,tvshow,Pro7,lg,eins
lg,dasdingdesjahres,zweineunzehn,jury,tvshow,Pro7,lg,eins
lg,dasdingdesjahres,zweizwanzig,jury,tvshow,Pro7,lg,eins
rm,dasDuellumdieGeld,zweisechszehn,candidate,tvshow,Pro7,rm,
rm,dasgrossepromibacken,zweizwanzig,candidate,tvshow,Sat1,rm,
AW,dasperfektepromidinner,zweineun,candidate,tvshow,VOX,AW,
lg,dasverlorenedorf,zweisiebzehn,voice actor,movie,,lg,eins
BM,deinwegzumgluecksgewicht,zweifuenfzehn,author,literature,,BM,
BM,deralte,zweizwoelf,actor,tvshow,ZDF,BM,
BM,deronkelthehawk,zweizweiundzwanzig,actor,movie,,BM,
BM,derstaatsanwalt,zweizwoelf,actor,tvshow,ZDF,BM,
BM,deutschemuseen,zweizwoelf,ambassador,advertisement,,BM,
lg,deutschlandtanzt,zweifuenfzehn,host,tvshow,Pro7,lg,eins
jds,dickeliebe,zweiacht,actor,movie,,jds,
rm,diealm,zweielf,candidate,tvshow,Pro7,rm,
BM,diegeschichtedermenschheitleichtgekuerzt,zweizweiundzwanzig,actor,movie,,BM,
AW,diemodelwg,zweineun,candidate,tvshow,Puls4,AW,
amp,diorBeauty,zweizweiundzwanzig,ambassador,modeling,,amp,sechszehn
BM,disneylandparis,zweiacht,ambassador,advertisement,,BM,
ak,dkms,zweizwoelf,ambassador,event,,ak,
as,documentjournal,zweizwanzig,model,modeling,,as,
sn,dreistendrei,zweielf,actor,tvshow,Sat1,sn,
as,eckenundkanten,zweieinundzwanzig,model,modeling,,as,
ec,einstein,zweiachtzehn,actor,tvshow,Sat1,ec,
aa,elitemodels,,contract,modeling,,aa,
BM,elitemodels,,contract,modeling,,BM,
CB,elitemodels,,contract,modeling,,CB,
jb,elitemodels,zweizwoelf,contract,modeling,,jb,
vf,elitemodels,zweizwanzig,contract,modeling,,vf,
vf,elitemodels,zweieinundzwanzig,contract,modeling,,vf,
vf,elitemodels,zweizweiundzwanzig,contract,modeling,,vf,
ak,elle,zweizwoelf,contract,modeling,,ak,
HN,elle,,model,modeling,,HN,
it,elle,zweieinundzwanzig,model,modeling,,it,
LH,elle,,model,modeling,,LH,
jds,ellemacpherson,zweisechszehn,model,modeling,,jds,
jf,emmi,zweivierzehn,model,advertisement,,jf,
LH,emmi,zweizwoelf,ambassador,advertisement,,LH,
BM,endlessnachrichtvonchris,zweizwanzig,actor,movie,,BM,
mn,envidia,zweisechszehn,actor,movie,,mn,
vf,EnzioM,zweizwanzig,contract,modeling,,vf,
vf,EnzioM,zweieinundzwanzig,contract,modeling,,vf,
vf,EnzioM,zweizweiundzwanzig,contract,modeling,,vf,
AW,Erikahendrixkampagne,zweiacht,model,modeling,,AW,
sr,ernstings,zweieinundzwanzig,model,fashionshow,,sr,
LH,escada,zweivierzehn,ambassador,advertisement,,LH,
sg,escada,zweiachtzehn,ambassador,advertisement,,sg,
rm,eskannnureinengeben,zweizwoelf,candidate,tvshow,RTL,rm,
aa,eskimomodels,zweielf,contract,modeling,,aa,
aa,eskimomodels,zweizwoelf,contract,modeling,,aa,
aa,eskimomodels,zweidreizehn,contract,modeling,,aa,
aa,eskimomodels,zweivierzehn,contract,modeling,,aa,
aa,eskimomodels,zweifuenfzehn,contract,modeling,,aa,
aa,eskimomodels,zweisechszehn,contract,modeling,,aa,
aa,eskimomodels,zweisiebzehn,contract,modeling,,aa,
aa,eskimomodels,zweiachtzehn,contract,modeling,,aa,
aa,eskimomodels,zweineunzehn,contract,modeling,,aa,
aa,eskimomodels,zweizwanzig,contract,modeling,,aa,
aa,eskimomodels,zweieinundzwanzig,contract,modeling,,aa,
aa,eskimomodels,zweizweiundzwanzig,contract,modeling,,aa,
HN,esprit,,ambassador,advertisement,,HN,
HN,esquire,,model,modeling,,HN,
HN,extremeactivity,zweisieben,candidate,tvshow,Pro7,HN,
aa,fabriccamilano,,contract,modeling,,aa,
mn,fairknalltbook,zweieinundzwanzig,author,literature,,mn,
mn,fairknalltweb,zweizweiundzwanzig,founder,fashion,,mn,
BM,fashioncultmodelmanagement,,contract,modeling,,BM,
RB,fashionmanagement,,student,university,,RB,
aa,FashionweekAustralia,zweivierzehn,model,modeling,,aa,
ap,FashionweekBangkok,zweiachtzehn,model,modeling,,ap,
ak,FashionweekBerlin,zweizwoelf,contract,modeling,,ak,
BM,FashionweekBerlin,zweielf,model,modeling,,BM,
dc,FashionweekBerlin,zweieinundzwanzig,model,modeling,,dc,sechszehn
DM,FashionweekBerlin,,model,modeling,,DM,
jwr,FashionweekBerlin,zweizwanzig,model,fashion,,jwr,
LH,FashionweekBerlin,zweivierzehn,model,modeling,,LH,
mu,FashionweekBerlin,zweizweiundzwanzig,model,modeling,,mu,
rm,FashionweekBerlin,zweizwoelf,contract,modeling,,rm,
rm,FashionweekBerlin,zweivierzehn,model,fashion,,rm,
sg,FashionweekBerlin,zweifuenfzehn,model,modeling,,sg,
sg,FashionweekBerlin,zweisechszehn,model,modeling,,sg,
sn,FashionweekBerlin,zweineun,model,fashion,,sn,
so,FashionweekBerlin,zweieinundzwanzig,model,modeling,,so,sechszehn
jt,FashionweekBerlin,zweineunzehn,model,modeling,,jt,
lw,FashionweekBerlin,zweidreizehn,model,modeling,,lw,
tda,FashionweekBerlin,zweineunzehn,model,modeling,,tda,
sp,FashionweekCanada,zweieinundzwanzig,model,modeling,,sp,
aa,FashionweekMilan,zweidreizehn,model,modeling,,aa,
aa,FashionweekMilan,zweisiebzehn,model,modeling,,aa,
aa,FashionweekMilan,zweiachtzehn,model,modeling,,aa,
aa,FashionweekNewyork,zweizwoelf,model,modeling,,aa,
aa,FashionweekNewyork,zweivierzehn,model,modeling,,aa,
aa,FashionweekNewyork,zweifuenfzehn,model,modeling,,aa,
aa,FashionweekNewyork,zweisechszehn,model,modeling,,aa,
aa,FashionweekNewyork,zweisiebzehn,model,modeling,,aa,
aa,FashionweekNewyork,zweineunzehn,model,modeling,,aa,
aa,FashionweekNewyork,zweieinundzwanzig,model,modeling,,aa,
aa,FashionweekNewyork,zweizweiundzwanzig,model,modeling,,aa,
HN,FashionweekNewyork,zweifuenfzehn,model,modeling,,HN,
vf,FashionweekNewyork,zweieinundzwanzig,model,modeling,,vf,
vf,FashionweekNewyork,zweizweiundzwanzig,model,modeling,,vf,
aa,FashionweekParis,zweisiebzehn,model,modeling,,aa,
aa,FashionweekParis,zweiachtzehn,model,modeling,,aa,
aa,FashionweekParis,zweizwanzig,model,modeling,,aa,
BM,FashionweekParis,zweizehn,model,modeling,,BM,
CB,FashionweekParis,,model,modeling,,CB,
LH,FashionweekParis,,model,modeling,,LH,
sg,FashionweekParis,zweizweiundzwanzig,model,modeling,,sg,
LH,FashionweekSydney,zweidreizehn,model,modeling,,LH,
so,ferragamo,zweieinundzwanzig,model,modeling,,so,sechszehn
so,ferragamo,zweizweiundzwanzig,model,modeling,,so,sechszehn
HN,fhmfrance,,model,modeling,,HN,
SH,fielmann,zweiachtzehn,model,advertisement,,SH,
jf,fordmex,zweiachtzehn,model,advertisement,,jf,
sn,fossil,zweiachtzehn,model,advertisement,,sn,
rm,fragdochdieMaus,zweidreizehn,candidate,tvshow,WDR,rm,
aa,francinamodels,,contract,modeling,,aa,
le,franziskus,zweivierzehn,love,,,le,
le,franziskus,zweifuenfzehn,love,,,le,
le,franziskus,zweisechszehn,love,,,le,
le,franziskus,zweisiebzehn,love,,,le,
le,franziskus,zweiachtzehn,love,,,le,
le,franziskus,zweineunzehn,love,,,le,
jw,FreiberuflicheJournalistin,zweizweiundzwanzig,job,journalism,,jw,eins
jwr,fruehling,zweizwanzig,actor,tvshow,ZDF,jwr,
tda,fruehstuecksfernsehen,zweiachtzehn,candidate,tvshow,Sat1,tda,
sg,furla,zweiachtzehn,ambassador,advertisement,,sg,
SH,galitafashion,zweineunzehn,model,modeling,,SH,
ak,garnierreineHaut,zweielf,model,modeling,,ak,
sg,glamour,zweieinundzwanzig,model,modeling,,sg,
SAH,GNTMBlog,zweisiebzehn,model,advertisement,,SAH,
rm,GNTMjury,zweizwanzig,jury,tvshow,Pro7,rm,
rm,GNTMjury,zweieinundzwanzig,jury,tvshow,Pro7,rm,
tda,GNTMjury,zweineunzehn,jury,tvshow,Pro7,tda,
jds,GNTMVideospiel,zweineun,host,event,,jds,
HN,gq,,model,modeling,,HN,
mb,gq,zweisechszehn,model,modeling,,mb,
rm,gq,zweizwoelf,model,modeling,,rm,
sg,grazia,zweiachtzehn,model,modeling,,sg,
rm,grilldenHenssler,zweifuenfzehn,candidate,tvshow,VOX,rm,
rm,grilldenHenssler,zweizwanzig,candidate,tvshow,VOX,rm,
HN,guidomariakretschmar,,model,modeling,,HN,
BM,gutereise,zweielf,actor,movie,,BM,
AW,halloweenhorrorhostel,zweisieben,actor,movie,,AW,
AW,hallhuberkampagne,zweiacht,model,modeling,,AW,
AW,hallhuberkampagne,zweisieben,model,advertisement,,AW,
BM,Hallmann,zweisechszehn,love,,,BM,
BM,Hallmann,zweisiebzehn,love,,,BM,
BM,Hallmann,zweiachtzehn,love,,,BM,
BM,Hallmann,zweineunzehn,love,,,BM,
BM,Hallmann,zweizwanzig,love,,,BM,
BM,Hallmann,zweieinundzwanzig,love,,,BM,
BM,Hallmann,zweizweiundzwanzig,love,,,BM,
sr,handelsblatt,zweizweiundzwanzig,job,human resources,,sr,
amp,harpersbazaar,zweieinundzwanzig,model,modeling,,amp,sechszehn
kh,harpersbazaar,zweizweiundzwanzig,model,modeling,,kh,
aa,harpersbazaar,zweieinundzwanzig,model,modeling,,aa,
CB,harpersbazaar,zweizwanzig,model,modeling,,CB,
HN,harpersbazaar,zweisieben,model,modeling,,HN,
LH,harpersbazaar,zweizwoelf,model,modeling,,LH,
so,harpersbazaar,zweieinundzwanzig,model,modeling,,so,sechszehn
vf,harpersbazaar,zweieinundzwanzig,model,modeling,,vf,
BM,HattingerunddiekalteHand,zweidreizehn,actor,movie,ZDF,BM,
BM,heiratenistnichtsfuerfeiglinge,zweifuenfzehn,actor,movie,ZDF,BM,
sg,herstory,zweizwanzig,host,documentation,Sky,sg,
mn,highgirls,zweivierzehn,actor,movie,,mn,
mn,himmelswillen,zweieinundzwanzig,actor,tvshow,ARD,mn,
BM,hochzeit,zweineun,model,modeling,,BM,
mvg,HUFmagazine,,model,modeling,,mvg,
jb,hugoboss,zweizwoelf,model,fashion,,jb,
sg,hugoboss,zweiachtzehn,model,advertisement,,sg,
CB,hummels,zweizweiundzwanzig,love,,,CB,
sn,hundm,zweineunzehn,ambassador,advertisement,,sn,
sn,hundm,zweineunzehn,model,advertisement,,sn,
mn,huntprey,zweivierzehn,actor,movie,,mn,
lwe,ihelpbecauseican,zweizweiundzwanzig,founder,health,,lwe,
BM,IMGModels,,contract,modeling,,BM,
HN,IMGModels,,contract,modeling,,HN,
jh,IMGModels,zweiacht,contract,modeling,,jh,
jh,IMGModels,zweineun,contract,modeling,,jh,
jh,IMGModels,zweizehn,contract,modeling,,jh,
jw,IMGModels,zweisechs,contract,modeling,,jw,eins
jw,IMGModels,zweisieben,contract,modeling,,jw,eins
jw,IMGModels,zweiacht,contract,modeling,,jw,eins
kh,IMGModels,zweiachtzehn,contract,modeling,,kh,
kh,IMGModels,zweineunzehn,contract,modeling,,kh,
kh,IMGModels,zweizwanzig,contract,modeling,,kh,
kh,IMGModels,zweieinundzwanzig,contract,modeling,,kh,
kh,IMGModels,zweizweiundzwanzig,contract,modeling,,kh,
lg,IMGModels,zweisechs,contract,modeling,,lg,eins
lg,IMGModels,zweisieben,contract,modeling,,lg,eins
lg,IMGModels,zweiacht,contract,modeling,,lg,eins
lg,IMGModels,zweineun,contract,modeling,,lg,eins
lg,IMGModels,zweizehn,contract,modeling,,lg,eins
LH,IMGModels,zweivierzehn,contract,modeling,,LH,
rm,inallerFreundschaft,zweizwoelf,actor,tvshow,ARD,rm,
rm,inallerFreundschaft,zweidreizehn,actor,tvshow,ARD,rm,
amp,Instagram,zweieinundzwanzig,influencer,socialmedia,,amp,sechszehn
amp,Instagram,zweizweiundzwanzig,influencer,socialmedia,,amp,sechszehn
ap,Instagram,zweifuenfzehn,influencer,socialmedia,,ap,
ap,Instagram,zweisechszehn,influencer,socialmedia,,ap,
ap,Instagram,zweisiebzehn,influencer,socialmedia,,ap,
ap,Instagram,zweiachtzehn,influencer,socialmedia,,ap,
ap,Instagram,zweineunzehn,influencer,socialmedia,,ap,
ap,Instagram,zweizwanzig,influencer,socialmedia,,ap,
ap,Instagram,zweizwoelf,influencer,socialmedia,,ap,
ap,Instagram,zweizweiundzwanzig,influencer,socialmedia,,ap,
BM,Instagram,zweidreizehn,influencer,socialmedia,,BM,
BM,Instagram,zweivierzehn,influencer,socialmedia,,BM,
BM,Instagram,zweifuenfzehn,influencer,socialmedia,,BM,
BM,Instagram,zweisechszehn,influencer,socialmedia,,BM,
BM,Instagram,zweisiebzehn,influencer,socialmedia,,BM,
BM,Instagram,zweiachtzehn,influencer,socialmedia,,BM,
BM,Instagram,zweineunzehn,influencer,socialmedia,,BM,
BM,Instagram,zweizwanzig,influencer,socialmedia,,BM,
BM,Instagram,zweieinundzwanzig,influencer,socialmedia,,BM,
BM,Instagram,zweizweiundzwanzig,influencer,socialmedia,,BM,
CB,Instagram,zweisiebzehn,influencer,socialmedia,,CB,
CB,Instagram,zweiachtzehn,influencer,socialmedia,,CB,
CB,Instagram,zweineunzehn,influencer,socialmedia,,CB,
CB,Instagram,zweizwanzig,influencer,socialmedia,,CB,
CB,Instagram,zweieinundzwanzig,influencer,socialmedia,,CB,
CB,Instagram,zweizweiundzwanzig,influencer,socialmedia,,CB,
cz,Instagram,zweizweiundzwanzig,influencer,socialmedia,,cz,
cz,Instagram,zweineunzehn,influencer,socialmedia,,cz,
cz,Instagram,zweizwanzig,influencer,socialmedia,,cz,
cz,Instagram,zweieinundzwanzig,influencer,socialmedia,,cz,
dc,Instagram,zweieinundzwanzig,influencer,socialmedia,,dc,sechszehn
dc,Instagram,zweizweiundzwanzig,influencer,socialmedia,,dc,sechszehn
ec,Instagram,zweisechszehn,influencer,socialmedia,,ec,
ec,Instagram,zweisiebzehn,influencer,socialmedia,,ec,
ec,Instagram,zweiachtzehn,influencer,socialmedia,,ec,
ec,Instagram,zweineunzehn,influencer,socialmedia,,ec,
ec,Instagram,zweizwanzig,influencer,socialmedia,,ec,
ec,Instagram,zweieinundzwanzig,influencer,socialmedia,,ec,
ec,Instagram,zweizweiundzwanzig,influencer,socialmedia,,ec,
fh,Instagram,zweisechszehn,influencer,socialmedia,,fh,
fh,Instagram,zweisiebzehn,influencer,socialmedia,,fh,
fh,Instagram,zweiachtzehn,influencer,socialmedia,,fh,
fh,Instagram,zweineunzehn,influencer,socialmedia,,fh,
fh,Instagram,zweizwanzig,influencer,socialmedia,,fh,
fh,Instagram,zweieinundzwanzig,influencer,socialmedia,,fh,
fh,Instagram,zweizweiundzwanzig,influencer,socialmedia,,fh,
HN,Instagram,zweifuenfzehn,influencer,socialmedia,,HN,
HN,Instagram,zweisechszehn,influencer,socialmedia,,HN,
HN,Instagram,zweisiebzehn,influencer,socialmedia,,HN,
HN,Instagram,zweiachtzehn,influencer,socialmedia,,HN,
HN,Instagram,zweineunzehn,influencer,socialmedia,,HN,
HN,Instagram,zweizwanzig,influencer,socialmedia,,HN,
HN,Instagram,zweieinundzwanzig,influencer,socialmedia,,HN,
HN,Instagram,zweizweiundzwanzig,influencer,socialmedia,,HN,
it,Instagram,zweizweiundzwanzig,influencer,advertisement,,it,
it,Instagram,zweizweiundzwanzig,influencer,socialmedia,,it,
jf,Instagram,zweizweiundzwanzig,influencer,socialmedia,,jf,
jt,Instagram,zweiachtzehn,influencer,socialmedia,,jt,
jt,Instagram,zweineunzehn,influencer,socialmedia,,jt,
jt,Instagram,zweizwanzig,influencer,socialmedia,,jt,
jt,Instagram,zweieinundzwanzig,influencer,socialmedia,,jt,
jt,Instagram,zweizweiundzwanzig,influencer,socialmedia,,jt,
jwr,Instagram,zweizwanzig,influencer,socialmedia,,jwr,
jwr,Instagram,zweieinundzwanzig,influencer,socialmedia,,jwr,
jwr,Instagram,zweizweiundzwanzig,influencer,socialmedia,,jwr,
kh,Instagram,zweisechszehn,influencer,socialmedia,,kh,
kh,Instagram,zweisiebzehn,influencer,socialmedia,,kh,
kh,Instagram,zweiachtzehn,influencer,socialmedia,,kh,
kh,Instagram,zweineunzehn,influencer,socialmedia,,kh,
kh,Instagram,zweizwanzig,influencer,socialmedia,,kh,
kh,Instagram,zweieinundzwanzig,influencer,socialmedia,,kh,
kh,Instagram,zweizweiundzwanzig,influencer,socialmedia,,kh,
le,Instagram,zweidreizehn,influencer,socialmedia,,le,
le,Instagram,zweivierzehn,influencer,socialmedia,,le,
le,Instagram,zweifuenfzehn,influencer,socialmedia,,le,
le,Instagram,zweisechszehn,influencer,socialmedia,,le,
le,Instagram,zweisiebzehn,influencer,socialmedia,,le,
le,Instagram,zweiachtzehn,influencer,socialmedia,,le,
le,Instagram,zweineunzehn,influencer,socialmedia,,le,
le,Instagram,zweizwanzig,influencer,socialmedia,,le,
le,Instagram,zweieinundzwanzig,influencer,socialmedia,,le,
le,Instagram,zweizweiundzwanzig,influencer,socialmedia,,le,
lg,Instagram,zweizwoelf,influencer,socialmedia,,lg,eins
lg,Instagram,zweidreizehn,influencer,socialmedia,,lg,eins
lg,Instagram,zweivierzehn,influencer,socialmedia,,lg,eins
lg,Instagram,zweifuenfzehn,influencer,socialmedia,,lg,eins
lg,Instagram,zweisechszehn,influencer,socialmedia,,lg,eins
lg,Instagram,zweisiebzehn,influencer,socialmedia,,lg,eins
lg,Instagram,zweiachtzehn,influencer,socialmedia,,lg,eins
lg,Instagram,zweineunzehn,influencer,socialmedia,,lg,eins
lg,Instagram,zweizwanzig,influencer,socialmedia,,lg,eins
lg,Instagram,zweizweiundzwanzig,influencer,socialmedia,,lg,eins
LH,Instagram,zweizwoelf,influencer,socialmedia,,LH,
LH,Instagram,zweidreizehn,influencer,socialmedia,,LH,
LH,Instagram,zweivierzehn,influencer,socialmedia,,LH,
LH,Instagram,zweifuenfzehn,influencer,socialmedia,,LH,
LH,Instagram,zweisechszehn,influencer,socialmedia,,LH,
LH,Instagram,zweisiebzehn,influencer,socialmedia,,LH,
LH,Instagram,zweiachtzehn,influencer,socialmedia,,LH,
LH,Instagram,zweineunzehn,influencer,socialmedia,,LH,
LH,Instagram,zweizwanzig,influencer,socialmedia,,LH,
LH,Instagram,zweieinundzwanzig,influencer,socialmedia,,LH,
LH,Instagram,zweizweiundzwanzig,influencer,socialmedia,,LH,
mb,Instagram,zweizweiundzwanzig,influencer,socialmedia,,mb,
mn,Instagram,zweizweiundzwanzig,influencer,socialmedia,,mn,
mu,Instagram,zweizwanzig,influencer,socialmedia,,mu,
mu,Instagram,zweieinundzwanzig,influencer,socialmedia,,mu,
mu,Instagram,zweizweiundzwanzig,influencer,socialmedia,,mu,
pr,Instagram,zweiachtzehn,influencer,socialmedia,,pr,
pr,Instagram,zweineunzehn,influencer,socialmedia,,pr,
pr,Instagram,zweizwanzig,influencer,socialmedia,,pr,
pr,Instagram,zweieinundzwanzig,influencer,socialmedia,,pr,
pr,Instagram,zweizweiundzwanzig,influencer,socialmedia,,pr,
rm,Instagram,zweizwoelf,influencer,socialmedia,,rm,
rm,Instagram,zweidreizehn,influencer,socialmedia,,rm,
rm,Instagram,zweivierzehn,influencer,socialmedia,,rm,
rm,Instagram,zweifuenfzehn,influencer,socialmedia,,rm,
rm,Instagram,zweisechszehn,influencer,socialmedia,,rm,
rm,Instagram,zweisiebzehn,influencer,socialmedia,,rm,
rm,Instagram,zweiachtzehn,influencer,socialmedia,,rm,
rm,Instagram,zweineunzehn,influencer,socialmedia,,rm,
rm,Instagram,zweizwanzig,influencer,socialmedia,,rm,
rm,Instagram,zweieinundzwanzig,influencer,socialmedia,,rm,
rm,Instagram,zweizweiundzwanzig,influencer,socialmedia,,rm,
sg,Instagram,zweizweiundzwanzig,influencer,socialmedia,,sg,
SH,Instagram,zweisiebzehn,influencer,socialmedia,,SH,
SH,Instagram,zweiachtzehn,influencer,socialmedia,,SH,
SH,Instagram,zweineunzehn,influencer,socialmedia,,SH,
SH,Instagram,zweizwanzig,influencer,socialmedia,,SH,
SH,Instagram,zweieinundzwanzig,influencer,socialmedia,,SH,
SH,Instagram,zweizweiundzwanzig,influencer,socialmedia,,SH,
sk,Instagram,zweizweiundzwanzig,influencer,socialmedia,,sk,
sn,Instagram,zweizweiundzwanzig,influencer,socialmedia,,sn,
so,Instagram,zweieinundzwanzig,influencer,socialmedia,,so,sechszehn
so,Instagram,zweizweiundzwanzig,influencer,socialmedia,,so,sechszehn
sp,Instagram,zweizwanzig,influencer,socialmedia,,sp,
sp,Instagram,zweieinundzwanzig,influencer,socialmedia,,sp,
sp,Instagram,zweizweiundzwanzig,influencer,socialmedia,,sp,
sr,Instagram,zweizweiundzwanzig,influencer,socialmedia,,sr,
tda,Instagram,zweiachtzehn,influencer,socialmedia,,tda,
tda,Instagram,zweineunzehn,influencer,socialmedia,,tda,
tda,Instagram,zweizwanzig,influencer,socialmedia,,tda,
tda,Instagram,zweieinundzwanzig,influencer,socialmedia,,tda,
tda,Instagram,zweizweiundzwanzig,influencer,socialmedia,,tda,
vf,Instagram,zweifuenfzehn,influencer,socialmedia,,vf,
vf,Instagram,zweisechszehn,influencer,socialmedia,,vf,
vf,Instagram,zweisiebzehn,influencer,socialmedia,,vf,
vf,Instagram,zweiachtzehn,influencer,socialmedia,,vf,
vf,Instagram,zweineunzehn,influencer,socialmedia,,vf,
vf,Instagram,zweizwanzig,influencer,socialmedia,,vf,
vf,Instagram,zweizwoelf,influencer,socialmedia,,vf,
vf,Instagram,zweizweiundzwanzig,influencer,socialmedia,,vf,
ys,Instagram,zweizwoelf,influencer,socialmedia,,ys,eins
ys,Instagram,zweidreizehn,influencer,socialmedia,,ys,eins
ys,Instagram,zweivierzehn,influencer,socialmedia,,ys,eins
ys,Instagram,zweifuenfzehn,influencer,socialmedia,,ys,eins
ys,Instagram,zweisechszehn,influencer,socialmedia,,ys,eins
ys,Instagram,zweisiebzehn,influencer,socialmedia,,ys,eins
ys,Instagram,zweiachtzehn,influencer,socialmedia,,ys,eins
ys,Instagram,zweineunzehn,influencer,socialmedia,,ys,eins
ys,Instagram,zweizwanzig,influencer,socialmedia,,ys,eins
ys,Instagram,zweizweiundzwanzig,influencer,socialmedia,,ys,eins
BM,instyle,zweizehn,model,modeling,,BM,
jb,instyle,zweizwoelf,model,modeling,,jb,
mn,instyle,zweisiebzehn,model,modeling,,mn,
sg,instyle,zweineunzehn,model,modeling,,sg,
HN,isadoramascara,,ambassador,advertisement,,HN,
vf,issue,zweizwanzig,model,modeling,,vf,
HN,Ittakestwo,zweisiebzehn,candidate,tvshow,RTL,HN,
BM,jahrdermathematik,zweiacht,ambassador,advertisement,,BM,
ak,jeansblessedandcursed,zweielf,model,modeling,,ak,
jh,jennykl,zweiacht,founder,fashion,,jh,
kh,jerks,zweisiebzehn,actor,movie,joyn,kh,
tda,jokoundklaas,zweineunzehn,candidate,tvshow,Pro7,tda,
aa,josienatori,zweifuenfzehn,model,modeling,,aa,
tda,jugendgottesdienst,,job,church,,tda,
AW,julesmumm,zweisieben,model,advertisement,,AW,
rm,jungegegenMaedchen,zweifuenfzehn,candidate,tvshow,RTL,rm,
it,kalissivienna,zweineunzehn,model,fashion,,it,
vf,karinmodels,zweizwanzig,contract,modeling,,vf,
vf,karinmodels,zweieinundzwanzig,contract,modeling,,vf,
vf,karinmodels,zweizweiundzwanzig,contract,modeling,,vf,
AW,karllagerfeld,,model,modeling,,AW,
sk,karllagerfeld,zweizweiundzwanzig,model,advertisement,,sk,
HN,karstadt,,ambassador,advertisement,,HN,
lg,katjes,zweiacht,ambassador,advertisement,,lg,eins
kh,keen,zweisechszehn,love,,,kh,
kh,keen,zweisiebzehn,love,,,kh,
jwr,kerastase,zweizweiundzwanzig,model,advertisement,,jwr,
lg,khan,zweisechs,love,,,lg,eins
lg,khan,zweisieben,love,,,lg,eins
lg,khan,zweiacht,love,,,lg,eins
lg,khan,zweineun,love,,,lg,eins
lg,khedira,zweielf,love,,,lg,eins
lg,khedira,zweizwoelf,love,,,lg,eins
lg,khedira,zweidreizehn,love,,,lg,eins
lg,khedira,zweivierzehn,love,,,lg,eins
lg,khedira,zweifuenfzehn,love,,,lg,eins
dc,killiankerner,zweieinundzwanzig,model,modeling,,dc,sechszehn
ys,kister,zweizwoelf,love,,,ys,eins
ys,kister,zweidreizehn,love,,,ys,eins
ys,kister,zweivierzehn,love,,,ys,eins
ys,kister,zweifuenfzehn,love,,,ys,eins
ys,kister,zweisechszehn,love,,,ys,eins
ys,kister,zweisiebzehn,love,,,ys,eins
ys,kister,zweiachtzehn,love,,,ys,eins
ys,kister,zweineunzehn,love,,,ys,eins
ys,kister,zweizwanzig,love,,,ys,eins
ys,kister,zweizweiundzwanzig,love,,,ys,eins
ap,koll,zweiachtzehn,love,,,ap,
ap,koll,zweineunzehn,love,,,ap,
ap,koll,zweizwanzig,love,,,ap,
lw,krankenschwester,,job,health,,lw,
BM,kuestenwache,zweidreizehn,actor,tvshow,ZDF,BM,
amp,kyliecosmetics,zweizweiundzwanzig,model,modeling,,amp,sechszehn
ec,labauleunderben,zweiachtzehn,actor,tvshow,SWR,ec,
SH,laishamagazin,zweiachtzehn,model,modeling,,SH,
tda,lambertzmondaynight,zweizwanzig,model,modeling,,tda,
sn,lanagrossa,zweisechszehn,ambassador,advertisement,,sn,
sn,lanagrossa,zweisechszehn,model,advertisement,,sn,
sn,lascana,zweidreizehn,model,advertisement,,sn,
tda,latenightberlin,zweiachtzehn,candidate,tvshow,Pro7,tda,
lg,LeGer,zweineunzehn,founder,fashion,,lg,eins
lg,LeGer,zweizwanzig,founder,fashion,,lg,eins
lg,LeGer,zweieinundzwanzig,founder,fashion,,lg,eins
lg,LeGer,zweizweiundzwanzig,founder,fashion,,lg,eins
mu,lemanagement,zweieinundzwanzig,contract,modeling,,mu,
mu,lemanagement,zweizweiundzwanzig,contract,modeling,,mu,
HN,lenahoschek,,model,modeling,,HN,
mn,leto,zweidreizehn,actor,movie,,mn,
BM,letsdance,zweiachtzehn,candidate,tvshow,RTL,BM,
rm,letsdance,zweizwoelf,candidate,tvshow,RTL,rm,
ap,letsfacereality,zweiachtzehn,,tvshow,,ap,
sg,levis,zweisiebzehn,model,advertisement,,sg,
BM,lidl,zweieinundzwanzig,ambassador,advertisement,,BM,
so,lindenstaub,zweieinundzwanzig,contract,modeling,,so,sechszehn
so,lindenstaub,zweizweiundzwanzig,contract,modeling,,so,sechszehn
aa,lippsla,,contract,modeling,,aa,
SH,lironmeyzabridal,zweineunzehn,model,modeling,,SH,
SAH,lizasjewellery,zweisechszehn,modeling,advertisement,,SAH,
as,lofficiel,zweizweiundzwanzig,model,modeling,,as,
BM,lofficiel,zweiacht,model,modeling,,BM,
so,lofficiel,zweieinundzwanzig,model,modeling,,so,sechszehn
sp,lofficiel,zweizweiundzwanzig,model,modeling,,sp,
vf,lofficiel,zweizwanzig,model,modeling,,vf,
vf,lofficiel,zweieinundzwanzig,model,modeling,,vf,
HN,lordundtaylor,,ambassador,advertisement,,HN,
amp,loreal,zweizweiundzwanzig,model,advertisement,,amp,sechszehn
HN,loreal,,ambassador,advertisement,,HN,
sg,loreal,zweisechszehn,ambassodor,cosmetic,,sg,
sg,loreal,zweisiebzehn,ambassador,cosmetic,,sg,
sg,loreal,zweiachtzehn,ambassador,cosmetic,,sg,
sg,loreal,zweineunzehn,ambassador,cosmetic,,sg,
sg,loreal,zweizwanzig,ambassador,cosmetic,,sg,
it,louisamodels,zweizweiundzwanzig,contract,modeling,,it,
jb,louisamodels,zweizwoelf,contract,modeling,,jb,
kh,louisamodels,zweineunzehn,contract,modeling,,kh,
kh,louisamodels,zweizwanzig,contract,modeling,,kh,
kh,louisamodels,zweieinundzwanzig,contract,modeling,,kh,
kh,louisamodels,zweizweiundzwanzig,contract,modeling,,kh,
so,louisamodels,zweizweiundzwanzig,contract,modeling,,so,sechszehn
so,louisamodels,zweieinundzwanzig,contract,modeling,,so,sechszehn
sg,louisvuitton,zweizweiundzwanzig,model,advertisement,,sg,
sn,lov,zweisiebzehn,ambassador,advertisement,,sn,
sn,lufthansa,zweielf,model,advertisement,,sn,
AW,maennerherzen,zweineun,actor,movie,,AW,
HN,maennerherzen,zweineun,actor,movie,,HN,
ys,maennerherzen,zweineun,actor,movie,,ys,eins
RB,maisonnoee,zweineunzehn,model,modeling,,RB,
BM,majormodelmanagement,,contract,modeling,,BM,
jb,makeupmissyln,zweizwoelf,model,modeling,,jb,
HN,mango,,ambassador,advertisement,,HN,
dc,marcelostertag,zweieinundzwanzig,model,modeling,,dc,sechszehn
jh,marcelostertag,,model,modeling,,jh,
SAH,mariannaderifashion,zweisechszehn,ambassador,advertisement,,SAH,
aa,marieclaire,zweivierzehn,model,modeling,,aa,
aa,marieclaire,zweifuenfzehn,model,modeling,,aa,
BM,marieclaire,zweineun,model,modeling,,BM,
HN,marieclaire,,model,modeling,,HN,
vf,marieclaire,zweizweiundzwanzig,model,modeling,,vf,
amp,marinahoermannseder,zweieinundzwanzig,model,modeling,,amp,sechszehn
dc,maskoff,zweizweiundzwanzig,candidate,tvshow,joyn,dc,sechszehn
rm,mastersofDance,zweiachtzehn,host,tvshow,Pro7,rm,
rm,mastersofDance,zweineunzehn,host,tvshow,Pro7,rm,
ys,maxdome,zweisechs,ambassador,advertisement,,ys,eins
AW,maxfactorkampagne,zweineun,model,modeling,,AW,
sg,maxgiesinger,zweisechszehn,actor,musicvideo,,sg,
HN,maximgermany,,model,modeling,,HN,
jf,maybelline,zweivierzehn,ambassador,advertisement,,jf,
LH,maybellinejade,zweizwoelf,ambassador,advertisement,,LH,
sn,maybellinejade,zweineun,ambassador,advertisement,,sn,
BM,mcdonalds,zweisieben,ambassador,advertisement,,BM,
cl,medienmanagement,zweiacht,student,university,,cl,
tda,MedienundKommunikationsmanagement,,student,university,,tda,
rm,meinMannkann,zweizwoelf,candidate,tvshow,Sat1,rm,
sg,mercedes,zweineunzehn,ambassador,advertisement,,sg,
sg,mercedes,zweizwanzig,ambassador,advertisement,,sg,
sg,mercedes,zweieinundzwanzig,ambassador,advertisement,,sg,
SH,metromodels,,contract,modeling,,SH,
ec,metropolitan,zweiachtzehn,contract,modeling,,ec,
sg,michaelkors,zweisechszehn,model,advertisement,,sg,
RB,michaelmichalsky,zweineunzehn,model,modeling,,RB,
SH,michaelmichalsky,zweiachtzehn,model,advertisement,,SH,
le,mietenkaufenwohnen,,candidate,tvshow,VOX,le,
mn,mindbody,zweisechszehn,actor,movie,,mn,
as,mixte,zweieinundzwanzig,model,modeling,,as,
jds,modelbooking,,job,fashion,,jds,
lwe,ModelsimBabyglueck,zweisechszehn,actor,tvshow,RTL2,lwe,
HN,modelsinthecity,zweizwoelf,actor,tvshow,,HN,
HN,modelwerkhamburg,,contract,modeling,,HN,
ys,modelWG,zweizehn,candidate,tvshow,Pro7,ys,eins
ys,modelWG,zweielf,candidate,tvshow,Pro7,ys,eins
sp,moevir,zweizweiundzwanzig,model,modeling,,sp,
sg,mon,zweiachtzehn,founder,cosmetic,,sg,
sg,mon,zweineunzehn,founder,cosmetic,,sg,
sg,mon,zweizwanzig,founder,cosmetic,,sg,
sg,mon,zweieinundzwanzig,founder,cosmetic,,sg,
sg,mon,zweizweiundzwanzig,founder,cosmetic,,sg,
vf,monstermanagement,zweizwanzig,contract,modeling,,vf,
vf,monstermanagement,zweieinundzwanzig,contract,modeling,,vf,
vf,monstermanagement,zweizweiundzwanzig,contract,modeling,,vf,
BM,Mordinbestergesellschaft,zweisiebzehn,actor,tvshow,ARD,BM,
BM,mpmanagement,,contract,modeling,,BM,
lg,muellerwohlfahrt,zweisechszehn,love,,,lg,eins
lg,muellerwohlfahrt,zweisiebzehn,love,,,lg,eins
lg,muellerwohlfahrt,zweiachtzehn,love,,,lg,eins
BM,muenchenschauthin,zweizwoelf,actor,advertisement,,BM,
aa,munichmodels,,contract,modeling,,aa,
LH,munichmodels,zweivierzehn,contract,modeling,,LH,
sp,munichmodels,zweieinundzwanzig,contract,modeling,,sp,
sp,munichmodels,zweizweiundzwanzig,contract,modeling,,sp,
aa,musemodels,zweineunzehn,contract,modeling,,aa,
sg,musemodels,zweisiebzehn,contract,modeling,,sg,
sg,musemodels,zweiachtzehn,contract,modeling,,sg,
sg,musemodels,zweineunzehn,contract,modeling,,sg,
sg,musemodels,zweizwanzig,contract,modeling,,sg,
sg,musemodels,zweieinundzwanzig,contract,modeling,,sg,
sg,musemodels,zweizweiundzwanzig,contract,modeling,,sg,
jt,musicindustry,,music,music,,jt,
sg,nanny,zweifuenfzehn,actor,movie,,sg,
CB,nastymagazin,zweizwanzig,model,modeling,,CB,
tda,nicosantosundtopic,zweizwanzig,actor,musicvideo,,tda,
sg,nike,zweizwanzig,ambassador,fashion,,sg,
sg,nike,zweieinundzwanzig,ambassador,fashion,,sg,
sg,nike,zweizweiundzwanzig,ambassador,fashion,,sg,
jds,nintendoDS,,model,advertisement,,jds,
mn,noir,zweidreizehn,actor,movie,,mn,
BM,notrufhafenkante,zweidreizehn,actor,tvshow,ZDF,BM,
BM,notrufhafenkante,zweisechszehn,actor,tvshow,ZDF,BM,
rm,notrufhafenkante,zweivierzehn,actor,tvshow,ZDF,rm,
sg,nuin,zweineunzehn,founder,fashion,,sg,
sg,nuin,zweizwanzig,founder,fashion,,sg,
sg,nuin,zweieinundzwanzig,founder,fashion,,sg,
sg,nuin,zweizweiundzwanzig,founder,fashion,,sg,
as,numero,zweizwanzig,model,modeling,,as,
as,numero,zweieinundzwanzig,model,modeling,,as,
sn,nurucoffee,zweisechszehn,founder,food,,sn,
sn,nuruwomen,zweizweiundzwanzig,founder,charity,,sn,
sg,nylon,zweineunzehn,model,modeling,,sg,
amp,oceansapart,zweieinundzwanzig,model,modeling,,amp,sechszehn
mb,officeb,zweizweiundzwanzig,contract,modeling,,mb,
aa,OneEins,zweizehn,contract,modeling,,aa,
ak,OneEins,zweielf,contract,modeling,,ak,
ap,OneEins,zweifuenfzehn,contract,modeling,,ap,
ap,OneEins,zweisechszehn,contract,modeling,,ap,
ap,OneEins,zweisiebzehn,contract,modeling,,ap,
BM,OneEins,zweisieben,contract,modeling,,BM,
CB,OneEins,zweisiebzehn,contract,modeling,,CB,
DM,OneEins,zweizwoelf,contract,modeling,,DM,
ec,OneEins,zweisechszehn,contract,modeling,,ec,
ec,OneEins,zweisiebzehn,contract,modeling,,ec,
fh,OneEins,zweisechszehn,contract,modeling,,fh,
hb,OneEins,zweizehn,contract,modeling,,hb,
hb,OneEins,zweielf,contract,modeling,,hb,
jb,OneEins,zweielf,contract,modeling,,jb,
jwr,OneEins,zweizwanzig,contract,modeling,,jwr,
jwr,OneEins,zweieinundzwanzig,contract,modeling,,jwr,
kh,OneEins,zweisechszehn,contract,modeling,,kh,
le,OneEins,zweidreizehn,contract,modeling,,le,
LH,OneEins,zweizwoelf,contract,modeling,,LH,
LH,OneEins,zweidreizehn,contract,modeling,,LH,
LH,OneEins,zweivierzehn,contract,modeling,,LH,
lw,OneEins,zweidreizehn,contract,modeling,,lw,
mu,OneEins,zweizwanzig,contract,modeling,,mu,
mu,OneEins,zweieinundzwanzig,contract,modeling,,mu,
rm,OneEins,zweielf,contract,modeling,,rm,
SAH,OneEins,zweizwoelf,contract,modeling,,SAH,
sg,OneEins,zweivierzehn,contract,modeling,,sg,
sg,OneEins,zweifuenfzehn,contract,modeling,,sg,
SH,OneEins,zweisiebzehn,contract,modeling,,SH,
sk,OneEins,zweineunzehn,contract,modeling,,sk,
sk,OneEins,zweizwanzig,contract,modeling,,sk,
sp,OneEins,zweizwanzig,contract,modeling,,sp,
sp,OneEins,zweieinundzwanzig,contract,modeling,,sp,
tda,OneEins,zweiachtzehn,contract,modeling,,tda,
tda,OneEins,zweineunzehn,contract,modeling,,tda,
tda,OneEins,zweizwanzig,contract,modeling,,tda,
tda,OneEins,zweieinundzwanzig,contract,modeling,,tda,
tda,OneEins,zweizweiundzwanzig,contract,modeling,,tda,
vf,OneEins,zweifuenfzehn,contract,modeling,,vf,
vf,OneEins,zweisechszehn,contract,modeling,,vf,
vf,OneEins,zweisiebzehn,contract,modeling,,vf,
ys,OneEins,zweisechs,contract,modeling,,ys,eins
ys,OneEins,zweisieben,contract,modeling,,ys,eins
ys,OneEins,zweiacht,contract,modeling,,ys,eins
ys,OneEins,zweineun,contract,modeling,,ys,eins
ys,OneEins,zweizehn,contract,modeling,,ys,eins
ys,OneEins,zweielf,contract,modeling,,ys,eins
ys,OneEins,zweizwoelf,contract,modeling,,ys,eins
ys,OneEins,zweidreizehn,contract,modeling,,ys,eins
ys,OneEins,zweivierzehn,contract,modeling,,ys,eins
ys,OneEins,zweifuenfzehn,contract,modeling,,ys,eins
ys,OneEins,zweisechszehn,contract,modeling,,ys,eins
ys,OneEins,zweisiebzehn,contract,modeling,,ys,eins
ys,OneEins,zweiachtzehn,contract,modeling,,ys,eins
jw,OnlineMusikMagazin,zweizwoelf,founder,journalism,,jw,eins
jw,OnlineMusikMagazin,zweidreizehn,founder,journalism,,jw,eins
jw,OnlineMusikMagazin,zweivierzehn,founder,journalism,,jw,eins
jw,OnlineMusikMagazin,zweifuenfzehn,founder,journalism,,jw,eins
jw,OnlineMusikMagazin,zweisechszehn,founder,journalism,,jw,eins
jw,OnlineMusikMagazin,zweisiebzehn,founder,journalism,,jw,eins
jw,OnlineMusikMagazin,zweiachtzehn,founder,journalism,,jw,eins
jw,OnlineMusikMagazin,zweineunzehn,founder,journalism,,jw,eins
jw,OnlineMusikMagazin,zweizwanzig,founder,journalism,,jw,eins
jw,OnlineMusikMagazin,zweieinundzwanzig,founder,journalism,,jw,eins
HN,opel,,ambassador,advertisement,,HN,
BM,oskargehenwennsamschoenstenist,zweiachtzehn,actor,movie,,BM,
jds,otto,,model,advertisement,,jds,
sn,ottoseleven,zweizehn,actor,movie,,sn,
lg,ouiset,zweisechs,ambassador,advertisement,,lg,eins
sk,palmolive,zweineunzehn,ambassador,advertisement,,sk,
BM,panteneprov,zweisieben,ambassador,advertisement,,BM,
aa,pars,,contract,modeling,,aa,
it,pars,zweifuenfzehn,contract,modeling,,it,
mb,pars,,contract,modeling,,mb,
jwr,paulmitchell,zweizwanzig,model,modeling,,jwr,
amp,peekundcloppenburg,zweizweiundzwanzig,founder,modeling,,amp,sechszehn
so,peekundcloppenburg,zweieinundzwanzig,model,modeling,,so,sechszehn
jh,perretschaad,zweisechszehn,model,modeling,,jh,
HN,peta,,ambassador,advertisement,,HN,
aa,philippplein,zweisiebzehn,model,modeling,,aa,
ak,philippplein,zweizwoelf,model,fashion,,ak,
DM,philippplein,,model,modeling,,DM,
jh,philippplein,,model,modeling,,jh,
ec,plantbasedbook,zweizweiundzwanzig,author,literature,,ec,
sk,playboy,zweizwanzig,model,modeling,,sk,
BM,plazawatch,zweizehn,model,modeling,,BM,
le,pma,zweivierzehn,contract,modeling,,le,
le,pma,zweifuenfzehn,contract,modeling,,le,
le,pma,zweisechszehn,contract,modeling,,le,
le,pma,zweisiebzehn,contract,modeling,,le,
le,pma,zweiachtzehn,contract,modeling,,le,
le,pma,zweineunzehn,contract,modeling,,le,
le,pma,zweizwanzig,contract,modeling,,le,
le,pma,zweieinundzwanzig,contract,modeling,,le,
le,pma,zweizweiundzwanzig,contract,modeling,,le,
tda,poetryslam,,candidate,literature,,tda,
lg,prankenstein,zweifuenfzehn,host,tvshow,Pro7,lg,eins
lg,prankenstein,zweisechszehn,host,tvshow,Pro7,lg,eins
SH,primadonnamagazin,zweiachtzehn,model,modeling,,SH,
HN,promishoppingqueen,zweisiebzehn,candidate,tvshow,VOX,HN,
kh,promishoppingqueen,zweisiebzehn,candidate,tvshow,VOX,kh,
tda,promishoppingqueen,zweineunzehn,candidate,tvshow,VOX,tda,
AW,quiztaxi,zweisieben,candidate,tvshow,KabelEins,AW,
CB,ralphlauren,,model,advertisement,,CB,
BM,readytowear,zweisieben,model,modeling,,BM,
BM,readytowear,zweiacht,model,modeling,,BM,
BM,readytowear,zweineun,model,modeling,,BM,
BM,readytowear,zweizehn,model,modeling,,BM,
BM,readytowear,zweielf,model,modeling,,BM,
BM,readytowear,zweizwoelf,model,modeling,,BM,
lg,red,zweidreizehn,host,tvshow,Pro7,lg,eins
lg,red,zweivierzehn,host,tvshow,Pro7,lg,eins
rm,red,zweizwanzig,host,tvshow,Pro7,rm,
aa,redmodels,zweivierzehn,contract,modeling,,aa,
aa,redmodels,zweifuenfzehn,contract,modeling,,aa,
sn,reebok,zweizehn,model,advertisement,,sn,
sn,reisefiber,zweielf,host,tvshow,Sat1,sn,
BM,reiterhofwildenstein,zweineunzehn,actor,tvshow,ZDF,BM,
rm,rennzurMillion,zweineunzehn,host,tvshow,Pro7,rm,
HN,repeatcashmere,,ambassador,advertisement,,HN,
SAH,restaurant,,job,food,,SAH,
DM,rheingalerie,zweiachtzehn,ambassador,advertisement,,DM,
BM,ricooskarunddasherzgebreche,zweifuenfzehn,actor,movie,,BM,
mn,riogirls,zweielf,singer,music,,mn,
jds,rockundrepublic,,model,modeling,,jds,
sn,roots,zweineunzehn,author,literature,,sn,
AW,russellhobbs,zweisieben,model,advertisement,,AW,
HN,russellsimmoms,,model,modeling,,HN,
jwr,samuelgaertner,zweizweiundzwanzig,model,modeling,,jwr,
sp,samuelgaertner,zweizweiundzwanzig,model,modeling,,sp,
BM,schaebens,zweisechszehn,ambassador,advertisement,,BM,
BM,schaechten,zweizweiundzwanzig,actor,movie,,BM,
lg,schlagdenstar,zweisiebzehn,candidate,tvshow,Pro7,lg,eins
lg,schoene,zweineunzehn,love,,,lg,eins
lg,schoene,zweizwanzig,love,,,lg,eins
lg,schoene,zweieinundzwanzig,love,,,lg,eins
lg,schoene,zweizweiundzwanzig,love,,,lg,eins
jwr,SchoenheitvorAlter,zweieinundzwanzig,host,podcast,,jwr,
jwr,SchoenheitvorAlter,zweizweiundzwanzig,host,podcast,,jwr,
BM,schonwiederhenriette,zweidreizehn,actor,movie,,BM,
BM,SchreiederVergessenen,zweielf,actor,movie,Pro7,BM,
BM,schwaegereltern,zweifuenfzehn,actor,tvshow,ZDF,BM,
HN,schwarzkopf,,ambassador,advertisement,,HN,
so,schwarzkopf,zweieinundzwanzig,model,modeling,,so,sechszehn
BM,sechsaufeinenstreich,zweivierzehn,actor,movie,ARD,BM,
so,selectmodelstockholm,zweieinundzwanzig,contract,modeling,,so,sechszehn
so,selectmodelstockholm,zweizweiundzwanzig,contract,modeling,,so,sechszehn
BM,semperey,zweielf,model,modeling,,BM,
jds,severinhaircare,zweineun,model,modeling,,jds,
SH,shahafgershon,zweizwanzig,model,modeling,,SH,
jf,shape,zweisechszehn,model,modeling,,jf,
ec,showtimeofmylife,zweieinundzwanzig,candidate,tvshow,VOX,ec,
rm,sinato,zweizwoelf,love,,,rm,
rm,sinato,zweidreizehn,love,,,rm,
rm,sinato,zweivierzehn,love,,,rm,
rm,sinato,zweifuenfzehn,love,,,rm,
rm,sinato,zweisechszehn,love,,,rm,
rm,sinato,zweisiebzehn,love,,,rm,
rm,sinato,zweiachtzehn,love,,,rm,
rm,sinato,zweineunzehn,love,,,rm,
rm,sinato,zweizwanzig,love,,,rm,
rm,sinato,zweieinundzwanzig,love,,,rm,
rm,sinato,zweizweiundzwanzig,love,,,rm,
SAH,soccx,zweisechszehn,model,modeling,,SAH,
BM,soko5113,zweifuenfzehn,actor,tvshow,ZDF,BM,
BM,sokostuttgart,zweifuenfzehn,actor,tvshow,ZDF,BM,
BM,sokowismar,zweisechszehn,actor,tvshow,ZDF,BM,
sn,soliver,zweizwanzig,ambassador,advertisement,,sn,
mn,sommeramalfi,zweidreizehn,actor,movie,,mn,
ak,sonyericsonxperia,zweielf,ambassador,modeling,,ak,
HN,southafrica,,model,modeling,,HN,
BM,sposabella,zweiacht,model,modeling,,BM,
AW,starforcekampagne,zweisieben,model,advertisement,Pro7,AW,
ys,starsaufeis,zweisieben,candidate,tvshow,Pro7,ys,eins
jf,steiner,zweizweiundzwanzig,contract,modeling,,jf,
jh,steuerfachangestellte,zweivierzehn,trainee,tax consultancy,,jh,
amp,stevemadden,zweieinundzwanzig,model,modeling,,amp,sechszehn
rm,storyofmylife,zweisiebzehn,candidate,tvshow,VOX,rm,
BM,strangers,zweidreizehn,actor,movie,,BM,
rm,sturmderliebe,zweineunzehn,actor,tvshow,ARD,rm,
BM,style,zweiacht,model,modeling,,BM,
HN,style,,model,modeling,,HN,
mn,sunlight,zweivierzehn,actor,movie,,mn,
lg,supertalent,zweidreizehn,jury,tvshow,RTL,lg,eins
lg,supertalent,zweivierzehn,jury,tvshow,RTL,lg,eins
so,suprememgmtparis,zweieinundzwanzig,contract,modeling,,so,sechszehn
so,suprememgmtparis,zweizweiundzwanzig,contract,modeling,,so,sechszehn
amp,swarovski,zweieinundzwanzig,model,modeling,,amp,sechszehn
rm,taff,zweizwoelf,host,tvshow,Pro7,rm,
HN,talbotundrunhof,,model,modeling,,HN,
ec,talderSkorpione,zweineunzehn,actor,movie,,ec,
BM,tango,zweiacht,model,modeling,,BM,
rm,taskforceBerlin,zweidreizehn,actor,tvshow,Pro7,rm,
mn,tausendmal,zweizweiundzwanzig,actor,movie,,mn,
hb,textilmodedesign,,student,university,,hb,
mu,tezenis,zweizwanzig,model,modeling,,mu,
BM,theaspernpapers,zweiachtzehn,actor,movie,,BM,
LH,thejournal,zweivierzehn,model,modeling,,LH,
aa,themanagementnyc,,contract,modeling,,aa,
AW,thenexturigeller,zweiacht,candidate,tvshow,Pro7,AW,
hb,theologie,,student,university,,hb,
lg,thevoicesenior,zweiachtzehn,host,tvshow,Sat1,lg,eins
lg,thevoicesenior,zweineunzehn,host,tvshow,Sat1,lg,eins
mvg,thomasrath,,model,modeling,,mvg,
mn,tigges,zweizweiundzwanzig,love,,,mn,
jf,tigi,zweineunzehn,model,fashion,,jf,
amp,TikTok,zweieinundzwanzig,influencer,socialmedia,,amp,sechszehn
amp,TikTok,zweizweiundzwanzig,influencer,socialmedia,,amp,sechszehn
CB,TikTok,zweizwanzig,influencer,socialmedia,,CB,
CB,TikTok,zweieinundzwanzig,influencer,socialmedia,,CB,
CB,TikTok,zweizweiundzwanzig,influencer,socialmedia,,CB,
dc,TikTok,zweieinundzwanzig,influencer,socialmedia,,dc,sechszehn
dc,TikTok,zweizweiundzwanzig,influencer,socialmedia,,dc,sechszehn
ec,TikTok,zweizweiundzwanzig,influencer,socialmedia,,ec,
fh,TikTok,zweineunzehn,influencer,socialmedia,,fh,
fh,TikTok,zweizwanzig,influencer,socialmedia,,fh,
fh,TikTok,zweieinundzwanzig,influencer,socialmedia,,fh,
fh,TikTok,zweizweiundzwanzig,influencer,socialmedia,,fh,
kh,TikTok,zweizweiundzwanzig,influencer,socialmedia,,kh,
lg,TikTok,zweizwanzig,influencer,socialmedia,,lg,eins
lg,TikTok,zweieinundzwanzig,influencer,socialmedia,,lg,eins
lg,TikTok,zweizweiundzwanzig,influencer,socialmedia,,lg,eins
mu,TikTok,zweizwanzig,influencer,socialmedia,,mu,
mu,TikTok,zweieinundzwanzig,influencer,socialmedia,,mu,
mu,TikTok,zweizweiundzwanzig,influencer,socialmedia,,mu,
rm,TikTok,zweineunzehn,influencer,socialmedia,,rm,
rm,TikTok,zweizwanzig,influencer,socialmedia,,rm,
rm,TikTok,zweieinundzwanzig,influencer,socialmedia,,rm,
rm,TikTok,zweizweiundzwanzig,influencer,socialmedia,,rm,
sg,TikTok,zweizweiundzwanzig,influencer,socialmedia,,sg,
sg,TikTok,zweieinundzwanzig,influencer,socialmedia,,sg,
sg,TikTok,zweizwanzig,influencer,socialmedia,,sg,
so,TikTok,zweieinundzwanzig,influencer,socialmedia,,so,sechszehn
so,TikTok,zweizweiundzwanzig,influencer,socialmedia,,so,sechszehn
sp,TikTok,zweizwanzig,influencer,socialmedia,,sp,
sp,TikTok,zweieinundzwanzig,influencer,socialmedia,,sp,
sp,TikTok,zweizweiundzwanzig,influencer,socialmedia,,sp,
tda,TikTok,zweizwanzig,influencer,socialmedia,,tda,
tda,TikTok,zweieinundzwanzig,influencer,socialmedia,,tda,
tda,TikTok,zweizweiundzwanzig,influencer,socialmedia,,tda,
ys,TikTok,zweizwanzig,influencer,socialmedia,,ys,eins
ys,TikTok,zweieinundzwanzig,influencer,socialmedia,,ys,eins
ys,TikTok,zweizweiundzwanzig,influencer,socialmedia,,ys,eins
le,tinamyake,,model,modeling,,le,
it,toga,zweineunzehn,model,fashion,,it,
HN,tommyhilfiger,,ambassador,advertisement,,HN,
SH,triumphlingerie,zweizwanzig,model,modeling,,SH,
SH,tuccilookbook,zweiachtzehn,model,modeling,,SH,
as,tush,zweizweiundzwanzig,model,modeling,,as,
sg,tush,zweiachtzehn,model,modeling,,sg,
jh,Twitch,,host,gaming,,jh,
ak,twofliesmanagement,zweizwoelf,contract,modeling,,ak,
as,twomanagement,zweizwanzig,contract,agency,,as,
as,twomanagement,zweieinundzwanzig,contract,agency,,as,
as,twomanagement,zweizweiundzwanzig,contract,agency,,as,
aa,uniqlocore,zweivierzehn,model,advertisement,,aa,
HN,unrathundstrano,,model,modeling,,HN,
rm,unsereZeitistjetzt,zweisechszehn,actor,movie,,rm,
HN,valisere,,ambassador,advertisement,,HN,
SAH,Veranstaltungskauffrau,,trainee,event,,SAH,
ys,verboteneliebe,zweidreizehn,actor,tvshow,ARD,ys,eins
aa,veronicabeard,zweineunzehn,model,advertisement,,aa,
jwr,veto,zweizweiundzwanzig,ambassador,charity,,jwr,
mn,vierfete,zweieinundzwanzig,host,podcast,,mn,
jb,viewmanagement,zweizwoelf,contract,modeling,,jb,
aa,vogue,zweidreizehn,model,modeling,,aa,
sg,vogue,zweisiebzehn,model,modeling,,sg,
lg,voiceofgermany,zweifuenfzehn,host,tvshow,Pro7,lg,eins
lg,voiceofgermany,zweisechszehn,host,tvshow,Pro7,lg,eins
lg,voiceofgermany,zweisiebzehn,host,tvshow,Pro7,lg,eins
lg,voiceofgermany,zweiachtzehn,host,tvshow,Pro7,lg,eins
lg,voiceofgermany,zweineunzehn,host,tvshow,Pro7,lg,eins
lg,voiceofgermany,zweizwanzig,host,tvshow,Pro7,lg,eins
lg,voiceofgermany,zweieinundzwanzig,host,tvshow,Pro7,lg,eins
jds,volkswagen,,model,advertisement,,jds,
LH,weidner,zweizwoelf,love,,,LH,
LH,weidner,zweidreizehn,love,,,LH,
LH,weidner,zweivierzehn,love,,,LH,
LH,weidner,zweifuenfzehn,love,,,LH,
LH,weidner,zweisechszehn,love,,,LH,
LH,weidner,zweisiebzehn,love,,,LH,
LH,weidner,zweiachtzehn,love,,,LH,
AW,welovewinterkampagne,zweisieben,model,advertisement,Pro7,AW,
ec,werweissdennsowas,zweisiebzehn,candidate,tvshow,ARD,ec,
le,werweissdennsowas,zweisiebzehn,candidate,tvshow,ARD,le,
rm,werweissdennsowas,zweisechszehn,candidate,tvshow,ARD,rm,
tda,werweissdennsowas,zweineunzehn,candidate,tvshow,ARD,tda,
BM,wiegenlied,zweizwoelf,actor,movie,,BM,
tda,wincentweiss,zweiachtzehn,actor,musicvideo,,tda,
lg,windowslive,zweisechs,ambassador,advertisement,,lg,eins
sg,wmhealth,zweisechszehn,model,modeling,,sg,
sn,wmhealth,zweineunzehn,model,modeling,,sn,
BM,wolkeuntermdach,zweizweiundzwanzig,actor,movie,,BM,
kh,womenforwomen,zweizwanzig,ambassador,event,,kh,
kh,womenforwomen,zweieinundzwanzig,ambassador,event,,kh,
kh,womenforwomen,zweizweiundzwanzig,ambassador,event,,kh,
so,womenmilano,zweieinundzwanzig,contract,modeling,,so,sechszehn
so,womenmilano,zweizweiundzwanzig,contract,modeling,,so,sechszehn
ec,wuff,zweiachtzehn,actor,movie,,ec,
sg,wuff,zweiachtzehn,actor,movie,,sg,
BM,wwf,zweifuenfzehn,ambassador,advertisement,,BM,
BM,yogurette,zweiacht,ambassador,advertisement,,BM,
mn,yogurette,zweifuenfzehn,ambassador,advertisement,,mn,
CB,yohjiyamamoto,,model,modeling,,CB,
le,youandi,zweidreizehn,model,modeling,,le,
BM,yulimodels,,contract,modeling,,BM,
AW,zahntechnikerin,zweidreizehn,employee,medicin,,AW,
dc,zalando,zweieinundzwanzig,model,modeling,,dc,sechszehn
LH,zalando,zweidreizehn,ambassador,advertisement,,LH,
tda,zalando,,model,modeling,,tda,
aa,zanabayne,zweivierzehn,model,modeling,,aa,