from,to,year,relationship,sector,channel
lg,GNTM,2006,candidate,tv show,Pro7
lg,IMGModels,2006,contract,modeling ,
lg,IMGModels,2007,contract,modeling ,
lg,ANTM,2009,host,tv show,Puls4
lg,ANTM,2010,host,tv show,Puls4
lg,ANTM,2011,host,tv show,Puls4
lg,ANTM,2012,host,tv show,Puls4
lg,IMGModels,2008,contract,modeling ,
lg,IMGModels,2009,contract,modeling ,
lg,IMGModels,2010,contract,modeling ,
lg,red,2013,host,tv show,Pro7
lg,supertalent,2013,jury,tv show,RTL
lg,supertalent,2014,jury,tv show,RTL
lg,prankenstein,2015,host,tv show,Pro7
lg,voiceofgermany,2015,host,tv show,Pro7
lg,deutschlandtanzt,2015,host,tv show,Pro7
lg,schlagdenstar,2017,candidate,tv show,Pro7
lg,dasverlorenedorf,2017,voice actor,movie,
lg,dasdingdesjahres,2018,jury,tv show,Pro7
lg,LeGer,2019,founder,fashion,
lg,LeGer,2020,founder,fashion,
lg,LeGer,2021,founder,fashion,
lg,LeGer,2022,founder,fashion,
lg,red,2014,host,tv show,Pro7
lg,supertalent,2014,jury,tv show,RTL
lg,prankenstein,2016,host,tv show,Pro7
lg,voiceofgermany,2016,host,tv show,Pro7
lg,voiceofgermany,2017,host,tv show,Pro7
lg,voiceofgermany,2018,host,tv show,Pro7
lg,voiceofgermany,2019,host,tv show,Pro7
lg,voiceofgermany,2020,host,tv show,Pro7
lg,voiceofgermany,2021,host,tv show,Pro7
lg,dasdingdesjahres,2019,jury,tv show,Pro7
lg,dasdingdesjahres,2020,jury,tv show,Pro7
lg,aboutyouaward,2017,host,event,Pro7
lg,aboutyouaward,2018,host,event,Pro7
lg,thevoicesenior,2018,host,tv show,Sat1
lg,thevoicesenior,2019,host,tv show,Sat1
lg,Bengio,2018,actor,music video,
lg,katjes,2008,ambassador,advertisement,
lg,windowslive,2006,ambassador,advertisement,
lg,ouiset,2006,ambassador,advertisement,
lg,Instagram,2012,influencer,social media,
lg,Instagram,2013,influencer,social media,
lg,Instagram,2014,influencer,social media,
lg,Instagram,2015,influencer,social media,
lg,Instagram,2016,influencer,social media,
lg,Instagram,2017,influencer,social media,
lg,Instagram,2018,influencer,social media,
lg,Instagram,2019,influencer,social media,
lg,Instagram,2020,influencer,social media,
lg,Instagram,2012,influencer,social media,
lg,Instagram,2022,influencer,social media,
lg,TikTok,2020,influencer,social media,
lg,TikTok,2021,influencer,social media,
lg,TikTok,2022,influencer,social media,
lg,khan,2006,love,,
lg,khan,2007,love,,
lg,khan,2008,love,,
lg,khan,2009,love,,
lg,khedira,2011,love,,
lg,khedira,2012,love,,
lg,khedira,2013,love,,
lg,khedira,2014,love,,
lg,khedira,2015,love,,
lg,muellerwohlfahrt,2016,love,,
lg,muellerwohlfahrt,2017,love,,
lg,muellerwohlfahrt,2018,love,,
lg,schoene,2019,love,,
lg,schoene,2020,love,,
lg,schoene,2021,love,,
lg,schoene,2022,love,,
jw,GNTM,2006,candidate,tv show,Pro7
jw,IMGModels,2006,contract,modeling ,
jw,IMGModels,2007,contract,modeling ,
jw,IMGModels,2008,contract,modeling ,
jw,OnlineMusikMagazin,2012,founder,journalism ,
jw,OnlineMusikMagazin,2013,founder,journalism ,
jw,OnlineMusikMagazin,2014,founder,journalism ,
jw,OnlineMusikMagazin,2015,founder,journalism ,
jw,OnlineMusikMagazin,2016,founder,journalism ,
jw,OnlineMusikMagazin,2017,founder,journalism ,
jw,OnlineMusikMagazin,2018,founder,journalism ,
jw,OnlineMusikMagazin,2019,founder,journalism ,
jw,OnlineMusikMagazin,2020,founder,journalism ,
jw,OnlineMusikMagazin,2021,founder,journalism ,
jw,FreiberuflicheJournalistin,2022,job,journalism ,
ys,GNTM,2006,candidate,tv show,Pro7
ys,OneEins,2006,contract,modeling ,
ys,OneEins,2007,contract,modeling ,
ys,OneEins,2008,contract,modeling ,
ys,OneEins,2009,contract,modeling ,
ys,OneEins,2010,contract,modeling ,
ys,OneEins,2011,contract,modeling ,
ys,OneEins,2012,contract,modeling ,
ys,OneEins,2013,contract,modeling ,
ys,OneEins,2014,contract,modeling ,
ys,OneEins,2015,contract,modeling ,
ys,OneEins,2016,contract,modeling ,
ys,OneEins,2017,contract,modeling ,
ys,OneEins,2018,contract,modeling ,
ys,maxdome,2006,ambassador,advertisement,
ys,starsaufeis,2007,candidate,tv show,Pro7
ys,maennerherzen,2009,actor,movie,
ys,modelWG,2010,candidate,tv show,Pro7
ys,modelWG,2011,candidate,tv show,Pro7
ys,verboteneliebe,2013,actor,tv show,ARD
ys,Instagram,2012,influencer,social media,
ys,Instagram,2013,influencer,social media,
ys,Instagram,2014,influencer,social media,
ys,Instagram,2015,influencer,social media,
ys,Instagram,2016,influencer,social media,
ys,Instagram,2017,influencer,social media,
ys,Instagram,2018,influencer,social media,
ys,Instagram,2019,influencer,social media,
ys,Instagram,2020,influencer,social media,
ys,Instagram,2012,influencer,social media,
ys,Instagram,2022,influencer,social media,
ys,TikTok,2020,influencer,social media,
ys,TikTok,2021,influencer,social media,
ys,TikTok,2022,influencer,social media,
ys,kister,2012,love,,
ys,kister,2013,love,,
ys,kister,2014,love,,
ys,kister,2015,love,,
ys,kister,2016,love,,
ys,kister,2017,love,,
ys,kister,2018,love,,
ys,kister,2019,love,,
ys,kister,2020,love,,
ys,kister,2012,love,,
ys,kister,2022,love,,
BM,GNTM,2007,candidate,tv show,Pro7
BM,OneEins,2007,contract,modeling,
BM,Gutereise,2011,actor,movie,
BM,SchreiederVergessenen,2011,actor,movie,Pro7
BM,muenchenschauthin,2012,actor,advertisement ,
BM,derstaatsanwalt,2012,actor,tv show,ZDF
BM,deralte,2012,actor,tv show,ZDF
BM,wiegenlied,2012,actor,movie,
BM,notrufhafenkante,2013,actor,tv show,ZDF
BM,notrufhafenkante,2016,actor,tv show,ZDF
BM,HattingerunddiekalteHand,2013,actor,movie,ZDF
BM,küstenwache,2013,actor,tv show,ZDF
BM,schonwiederhenriette,2013,actor,movie,
BM,christineperfektwargestern,2013,actor,tv show,RTL
BM,apothekerin,2013,actor,movie,
BM,strangers,2013,actor,movie,
BM,sechsaufeinenstreichsiebenschön,2014,actor,movie,ARD
BM,sokostuttgart,2015,actor,tv show,ZDF
BM,schwaegereltern,2015,actor,tv show,ZDF
BM,ricooskarunddasherzgebreche,2015,actor,movie,
BM,heiratenistnichtsfürfeiglinge,2015,actor,movie,ZDF
BM,soko5113,2015,actor,tv show,ZDF
BM,sokowismar,2016,actor,tv show,ZDF
BM,Mordinbestergesellschaftwintersletzterfall,2017,actor,tv show,ARD
BM,oskargehenwennsamschönstenist,2018,actor,movie,
BM,theaspernpapers,2018,actor,movie,
BM,Reiterhofwildensteindiepferdeflüsterin,2019,actor,tv show,ZDF
BM,endlessnachrichtvonchris,2020,actor,movie,
BM,armyofthieves,2021,actor,movie,
BM,deronkelthehawk,2022,actor,movie,
BM,wolkeuntermdach,2022,actor,movie,
BM,Diegeschichtedermenschheitleichtgekürzt,2022,actor,movie,
BM,schaechten,2022,actor,movie,
BM,disneylandparis,2008,ambassador,advertisement,
BM,mcdonalds,2007,ambassador,advertisement,
BM,panteneprov,2007,ambassador,advertisement,
BM,cunda,2007,ambassador,advertisement,
BM,letsdance,2018,candidate,tv show,RTL
BM,schaebens,2016,ambassador,advertisement,
BM,Fashionweek_Paris,2010,model,modeling,
BM,Fashionweek_Berlin,2011,model,modeling,
BM,jahrdermathematik,2008,ambassador,advertisement,
BM,deutschemuseen,2012,ambassador,advertisement,
BM,wwf,2015,ambassador,advertisement,
BM,style,2008,model,modeling,
BM,tango,2008,model,modeling,
BM,hochzeit,2009,model,modeling,
BM,plazawatch,2010,model,modeling,
BM,semperey,2011,model,modeling,
BM,celebrity,2007,model,modeling,
BM,lofficiel,2008,model,modeling,
BM,style,2008,model,modeling,
BM,tango,2008,model,modeling,
BM,sposabella,2008,model,modeling,
BM,cosmopolitan,2008,model,modeling,
BM,marieclaire,2009,model,modeling,
BM,instyle,2010,model,modeling,
BM,readytowear,2007,model,modeling,
BM,readytowear,2008,model,modeling,
BM,readytowear,2008,model,modeling,
BM,readytowear,2009,model,modeling,
BM,readytowear,2010,model,modeling,
BM,readytowear,2011,model,modeling,
BM,readytowear,2012,model,modeling,
BM,deinwegzumgluecksgewicht,2015,author,literature,
BM,yogurette,2008,ambassador,advertisement,
BM,lidl,2021,ambassador,advertisement,
BM,majormodelmanagementnewyork,,contract,modeling,
BM,elitemodels,,contract,modeling,
BM,yulimodels,,contract,modeling,
BM,fashioncultmodelmanagement,,contract,modeling,
BM,IMGModels,,contract,modeling,
BM,mpmanagement,,contract,modeling,
BM,majormodelmanagementmilan,,contract,modeling,
BM,majormodelmanagementmunich,,contract,modeling,
BM,Hallmann,2016,love,,
BM,Hallmann,2017,love,,
BM,Hallmann,2018,love,,
BM,Hallmann,2019,love,,
BM,Hallmann,2020,love,,
BM,Hallmann,2021,love,,
BM,Hallmann,2022,love,,
BM,Instagram,2013,influencer,social media,
BM,Instagram,2014,influencer,social media,
BM,Instagram,2015,influencer,social media,
BM,Instagram,2016,influencer,social media,
BM,Instagram,2017,influencer,social media,
BM,Instagram,2018,influencer,social media,
BM,Instagram,2019,influencer,social media,
BM,Instagram,2020,influencer,social media,
BM,Instagram,2021,influencer,social media,
BM,Instagram,2022,influencer,social media,
AW,GNTM,2007,candidate,tv show,Pro7
AW,h3halloweenhorrorhostel,2007,actor,movie,
AW,quiztaxi,2007,candidate,tv show,KabelEins
AW,thenexturigeller,2008,candidate,tv show,Pro7
AW,annaunddieliebe,2008,actress,tv show,Sat1
AW,annaunddieliebe,2009,actress,tv show,Sat2
AW,dasperfektepromidinner,2009,candidate,tv show,VOX
AW,diemodelwg,2009,candidate,tv show,Puls4
AW,maennerherzen,2009,actor,movie,
AW,karllagerfeld,,model,modeling,
AW,Erikahendrixkampagne,2008,model,modeling,
AW,hallhuberkampagne,2008,model,modeling,
AW,maxfactorkampagne,2009,model,modeling,
AW,julesmumm,2007,model,advertisement,
AW,russellhobbshaarstylingprodukte,2007,model,advertisement,
AW,starforcekampagne,2007,model,advertisement,Pro7
AW,welovewinterkampagne,2007,model,advertisement,Pro7
AW,hallhuberkampagne,2007,model,advertisement,
AW,zahntechnikerin,2013,employee,medicin,
HN,GNTM,2007,candidate,tv show,Pro7
HN,extremeactivity,2007,candidate,tv show,Pro7
HN,maennerherzen,2009,actor,movie,
HN,modelsinthecity,2012,actor,tv show,
HN,atopmodelinnewyork,2013,actor,movie,
HN,promishoopingqueen,2017,candidate,tv show,VOX
HN,schwarzkopf,,ambassador,advertisement,
HN,tommyhilfiger,,ambassador,advertisement,
HN,esprit,,ambassador,advertisement,
HN,lordundtaylor,,ambassador,advertisement,
HN,loreal,,ambassador,advertisement,
HN,cocacola,,ambassador,advertisement,
HN,valisere,,ambassador,advertisement,
HN,karstadt,,ambassador,advertisement,
HN,opel,,ambassador,advertisement,
HN,isadoramascara,,ambassador,advertisement,
HN,repeatcashmere,,ambassador,advertisement,
HN,peta,,ambassador,advertisement,
HN,mango,,ambassador,advertisement,
HN,fhmfrance,,model,modeling,
HN,cocoon,,model,modeling,
HN,maximgermany,,model,modeling,
HN,southafrica,,model,modeling,
HN,elle,,model,modeling,
HN,esquire,,model,modeling,
HN,cosmopolitan,,model,modeling,
HN,marieclaire,,model,modeling,
HN,gq,,model,modeling,
HN,style,,model,modeling,
HN,harpersbazaar,2007,model,modeling,
HN,Fashionweek_Newyork,2015,model,modeling,
HN,adidasxkanyewestshow,2015,model,modeling,
HN,russellsimmomsargyleCulture,,model,modeling,
HN,adoreme,,model,modeling,
HN,talbotundrunhof,,model,modeling,
HN,unrathundstrano,,model,modeling,
HN,campdavidandsoccx,,model,modeling,
HN,guidomariakretschmar,,model,modeling,
HN,lenahoschek,,model,modeling,
HN,IMGModels,,contract,modeling,
HN,modelwerkhamburg,,contract,modeling,
HN,apmnyc,,contract,modeling,
HN,Ittakes2,2017,candidate,tv show,RTL
HN,Instagram,2015,influencer,social media,
HN,Instagram,2016,influencer,social media,
HN,Instagram,2017,influencer,social media,
HN,Instagram,2018,influencer,social media,
HN,Instagram,2019,influencer,social media,
HN,Instagram,2020,influencer,social media,
HN,Instagram,2021,influencer,social media,
HN,Instagram,2022,influencer,social media,
jh,GNTM,2008,candidate,tv show,Pro7
jh,IMGModels,2008,contract,modeling,
jh,IMGModels,2009,contract,modeling,
jh,IMGModels,2010,contract,modeling,
jh,jennykl,2008,founder,fashion,
jh,cunda,2008,model,modeling,
jh,philippplein,,model,modeling,
jh,marcelostertag,,model,modeling,
jh,perretschaad,2016,model,modeling,
jh,Twitch,,host,gaming,
jh,steuerfachangestellte,2014,trainee,tax consultancy,
jds,GNTM,2008,candidate,tv show,Pro7
jds,volkswagen,,model,advertisement,
jds,ellemacpherson,2016,model,modeling,
jds,nintendoDS,,model,advertisement,
jds,severinhaircare,2009,model,modeling,
jds,rockundrepublic,,model,modeling,
jds,otto,,model,advertisement,
jds,cunda,,ambassador,advertisement,
jds,dickeliebe,2008,actor,movie,
jds,GNTMVideospiel,2009,host,event,
jds,modelbooking,,job,fashion,
jds,celiaczerlisnki,,model,modeling,
cl,GNTM,2008,candidate,tv show,Pro7
cl,medienmanagement,2008,student,university,
sn,GNTM ,2009,candidate,tv show,Pro7
sn,wmhealth,2019,model,modeling,
sn,wmhealth,2019,model,modeling,
sn,hundm,2019,ambassador,advertisement,
sn,hundm,2019,model,advertisement,
sn,lanagrossa,2016,ambassador,advertisement,
sn,lanagrossa,2016,model,advertisement,
sn,chloe,2018,ambassador,advertisement,
sn,chloe,2018,model,advertisement,
sn,fossil,2018,model,advertisement,
sn,soliver,2020,ambassador,advertisement,
sn,lov,2017,ambassador,advertisement,
sn,nurucoffee,2016,founder,food,
sn,nuruwomen,2022,founder,charity,
sn,roots,2019,author,literature,
sn,Instagram,2022,influencer,social media,
sn,abenteuermexico,2022,host,documentation,ARD
sn,bundesministerium,2018,ambassador,charity,
sn,bundesministerium,2019,ambassador,charity,
sn,bundesministerium,2020,ambassador,charity,
sn,bundesministerium,2021,ambassador,charity,
sn,bundesministerium,2022,ambassador,charity,
sn,Fashionweek_Berlin,2009,model,fashion,
sn,reebok,2010,model,advertisement,
sn,cunda,2010,model,advertisement,
sn,lufthansa,2011,model,advertisement,
sn,maybellinejade,2009,ambassador,advertisement,
sn,lascana,2013,model,advertisement,
sn,reisefiber,2011,host,tv show,Sat1
sn,ottos_eleven,2010,actor,movie,
sn,dreistendrei,2011,actor,tv show,Sat1
mb,GNTM ,2009,candidate,tv show,Pro7
mb,pars,,contract,modeling,
mb,Instagram,2022,influencer,social media,
mb,officeb,2022,contract,modeling,
mb,gq,2016,model,modeling,
mn,GNTM ,2009,candidate,tv show,Pro7
mn,riogirls,2011,singer,music,
mn,instyle,2017,model,modeling,
mn,sommeramalfi,2013,actor,movie,
mn,tausendmal,2022,actor,movie,
mn,envidia,2016,actor,movie,
mn,leto,2013,actor,movie,
mn,highgirls,2014,actor,movie,
mn,mindbody,2016,actor,movie,
mn,huntprey,2014,actor,movie,
mn,sunlight,2014,actor,movie,
mn,noir,2013,actor,movie,
mn,armans,2015,actor,tv show,WDR
mn,himmelswillen,2021,actor,tv show,ARD
mn,vierfete,2021,host,podcast,
mn,fairknalltweb,2022,founder,fashion,
mn,fairknalltbook,2021,author,literature,
mn,tigges,2022,love,,
mn,yogurette,2015,ambassador,advertisement,
mn,adidas,2011,model,advertisement,
mn,Instagram,2022,influencer,social media,
aa,GNTM,2010,candidate,tv show,Pro7
aa,OneEins,2010,contract,modeling,
aa,eskimomodels,2011,contract,modeling,
aa,eskimomodels,2012,contract,modeling,
aa,eskimomodels,2013,contract,modeling,
aa,eskimomodels,2014,contract,modeling,
aa,eskimomodels,2015,contract,modeling,
aa,eskimomodels,2016,contract,modeling,
aa,eskimomodels,2017,contract,modeling,
aa,eskimomodels,2018,contract,modeling,
aa,eskimomodels,2019,contract,modeling,
aa,eskimomodels,2020,contract,modeling,
aa,eskimomodels,2021,contract,modeling,
aa,eskimomodels,2022,contract,modeling,
aa,citymodels,2011,contract,modeling,
aa,citymodels,2012,contract,modeling,
aa,citymodels,2013,contract,modeling,
aa,citymodels,2014,contract,modeling,
aa,citymodels,2015,contract,modeling,
aa,citymodels,2016,contract,modeling,
aa,citymodels,2017,contract,modeling,
aa,citymodels,2018,contract,modeling,
aa,citymodels,2019,contract,modeling,
aa,citymodels,2020,contract,modeling,
aa,citymodels,2021,contract,modeling,
aa,citymodels,2022,contract,modeling,
aa,redmodels,2014,contract,modeling,
aa,redmodels,2015,contract,modeling,
aa,musemodels,2019,contract,modeling,
aa,pars,,contract,modeling,
aa,elitemodels,,contract,modeling,
aa,francinamodels,,contract,modeling,
aa,themanagementnyc,,contract,modeling,
aa,lippsla,,contract,modeling,
aa,munichmodels,,contract,modeling,
aa,fabriccamilano,,contract,modeling,
aa,Fashionweek_Newyork,2012,model,modeling,
aa,armani,2018,model,modeling,
aa,armani,2018,model,advertisement,
aa,vogue,2013,model,modeling,
aa,Fashionweek_Milan,2013,model,modeling,
aa,marieclaire,2014,model,modeling,
aa,Fashionweek_Australia,2014,model,modeling,
aa,zanabayne,2014,model,modeling,
aa,Fashionweek_Newyork,2014,model,modeling,
aa,uniqlocore,2014,model,advertisement,
aa,Fashionweek_Newyork,2015,model,modeling,
aa,josienatori,2015,model,modeling,
aa,marieclaire,2015,model,modeling,
aa,Fashionweek_Newyork,2015,model,modeling,
aa,Fashionweek_Newyork,2016,model,modeling,
aa,Fashionweek_Newyork,2016,model,modeling,
aa,philippplein,2017,model,modeling,
aa,Fashionweek_Milan,2017,model,modeling,
aa,Fashionweek_Paris,2017,model,modeling,
aa,Fashionweek_Newyork,2017,model,modeling,
aa,Fashionweek_Milan,2018,model,modeling,
aa,Fashionweek_Paris,2018,model,modeling,
aa,Fashionweek_Paris,2018,model,modeling,
aa,Fashionweek_Milan,2018,model,modeling,
aa,Fashionweek_Newyork,2019,model,modeling,
aa,Fashionweek_Newyork,2019,model,modeling,
aa,veronicabeard,2019,model,advertisement,
aa,Fashionweek_Newyork,2019,model,modeling,
aa,Fashionweek_Paris,2020,model,modeling,
aa,Fashionweek_Newyork,2021,model,modeling,
aa,harpersbazaar,2021,model,modeling,
aa,Fashionweek_Newyork,2022,model,modeling,
aa,Fashionweek_Newyork,2022,model,modeling,
hb,GNTM,2010,candidate,tv show,Pro7
hb,OneEins,2010,contract,modeling,
hb,OneEins,2011,contract,modeling,
hb,textilmodedesign,,student,university,
hb,theologie,,student,university,
lwe,GNTM,2010,contract,tv show,Pro7
lwe,ModelsimBabyglueck,2016,actor,tv show,RTL2
lwe,ihelpbecauseican,2022,founder,health,
lwe,becomealive,2014,founder,health,
lwe,becomealive,2015,founder,health,
lwe,becomealive,2016,founder,health,
lwe,becomealive,2017,founder,health,
lwe,becomealive,2018,founder,health,
lwe,becomealive,2019,founder,health,
lwe,becomealive,2020,founder,health,
lwe,becomealive,2021,founder,health,
lwe,becomealive,2022,founder,health,
jb,GNTM,2011,candidate,tv show,Pro7
jb,OneEins,2011,contract,modeling,
jb,cosmopolitan,2011,model,modeling,
jb,viewManagement,2012,contract,modeling,
jb,instyle,2012,model,modeling,
jb,hugoboss,2012,model,fashion,
jb,louisamodels,2012,contract ,modeling ,
jb,makeupMissyln,2012,model,modeling,
jb,cosmopolitan,2012,model,modeling,
jb,elitemodels,2012,contract,modeling,
jb,backwerk,2014,job,food,
jb,backwerk,2015,job,food,
jb,backwerk,2016,job,food,
jb,backwerk,2017,job,food,
jb,backwerk,2018,job,food,
jb,backwerk,2019,job,food,
jb,backwerk,2020,job,food,
jb,backwerk,2021,job,food,
jb,backwerk,2022,job,food,
rm,GNTM,2011,candidate,tv show,Pro7
rm,OneEins,2011,contract,modeling,
rm,dieAlm,2011,candidate,tv show,Pro7
rm,meinMannkann,2012,candidate,tv show,Sat1
rm,gq,2012,model,modeling,
rm,Fashionweek_Berlin,2012,contract,modeling,
rm,eskannnureinengeben,2012,candidate,tv show,RTL
rm,letsdance,2012,candidate,tv show,RTL
rm,taff,2012,host,tv show,Pro7
rm,backstageGNTM,2012,host,tv show,Pro7
rm,inallerFreundschaft,2012,actor,tv show,ARD
rm,inallerFreundschaft,2013,actor,tv show,ARD
rm,fragdochdieMaus,2013,candidate,tv show,WDR
rm,taskforceBerlin,2013,actor,tv show,Pro7
rm,absoluteMehrheit,2013,candidate,tv show,Pro7
rm,backstageGNTM,2013,host,tv show,Pro7
rm,notrufhafenkante,2014,actor,tv show,ZDF
rm,Fashionweek_Berlin,2014,model,fashion,
rm,jungegegenMaedchen,2015,candidate,tv show,RTL
rm,grilldenHenssler,2015,candidate,tv show,VOX
rm,werweissdennsowas,2016,candidate,tv show,ARD
rm,dasDuellumdieGeld,2016,candidate,tv show,Pro7
rm,unsereZeitistjetzt,2016,actor,movie,
rm,storyofmylife,2017,candidate,tv show,VOX
rm,allegegeneinen,2018,host,tv show,Pro7
rm,mastersofDance,2018,host,tv show,Pro7
rm,mastersofDance,2019,host,tv show,Pro7
rm,sturmderLiebe,2019,actor,tv show,ARD
rm,rennumdieMillion,2019,host,tv show,Pro7
rm,dasgrossePromibacken,2020,candidate,tv show,Sat1
rm,GNTMjury,2020,jury,tv show,Pro7
rm,grilldenHenssler,2020,candidate,tv show,VOX
rm,red,2020,host,tv show,Pro7
rm,GNTMjury,2021,jury,tv show,Pro7
rm,bwmcommunications,2012,contract,show business,
rm,bwmcommunications,2013,contract,show business,
rm,bwmcommunications,2014,contract,show business,
rm,bwmcommunications,2015,contract,show business,
rm,bwmcommunications,2016,contract,show business,
rm,bwmcommunications,2017,contract,show business,
rm,bwmcommunications,2018,contract,show business,
rm,bwmcommunications,2019,contract,show business,
rm,bwmcommunications,2020,contract,show business,
rm,bwmcommunications,2021,contract,show business,
rm,bwmcommunications,2022,contract,show business,
rm,Instagram,2012,influencer,social media,
rm,Instagram,2013,influencer,social media,
rm,Instagram,2014,influencer,social media,
rm,Instagram,2015,influencer,social media,
rm,Instagram,2016,influencer,social media,
rm,Instagram,2017,influencer,social media,
rm,Instagram,2018,influencer,social media,
rm,Instagram,2019,influencer,social media,
rm,Instagram,2020,influencer,social media,
rm,Instagram,2021,influencer,social media,
rm,Instagram,2022,influencer,social media,
rm,TikTok,2019,influencer,social media,
rm,TikTok,2020,influencer,social media,
rm,TikTok,2021,influencer,social media,
rm,TikTok,2022,influencer,social media,
rm,sinato,2012,love,,
rm,sinato,2013,love,,
rm,sinato,2014,love,,
rm,sinato,2015,love,,
rm,sinato,2016,love,,
rm,sinato,2017,love,,
rm,sinato,2018,love,,
rm,sinato,2019,love,,
rm,sinato,2020,love,,
rm,sinato,2021,love,,
rm,sinato,2022,love,,
ak,GNTM,2011,candidate,tv show,Pro7
ak,OneEins,2011,contract,modeling ,
ak,garnierreineHaut,2011,model,modeling,
ak,jeansblessedandcursed,2011,model,modeling,
ak,sonyericsonxperia,2011,ambassador,modeling,
ak,philippplein,2012,model,fashion,
ak,cosmopolitan,2012,model,modeling,
ak,elle,2012,contract,modeling,
ak,Fashionweek_Berlin,2012,contract,modeling,
ak,twofliesmanagement,2012,contract,modeling,
ak,dkms,2012,ambassador,event,
LH,GNTM,2012,candidate,tv show,Pro7
LH,cosmopolitan,2012,model,modeling,
LH,emmi,2012,ambassador,advertisment,
LH,maybellinejade,2012,ambassador,advertisment,
LH,zalando,2013,ambassador,advertisment,
LH,OneEins,2012,contract,modeling,
LH,OneEins,2013,contract,modeling,
LH,OneEins,2014,contract,modeling,
LH,munichmodels,2014,contract,modeling,
LH,IMGModels,2014,contract,modeling,
LH,Fashionweek_Paris,,model,modeling,
LH,elle,,model,modeling,
LH,harpersbazaar,2012,model,modeling,
LH,escada,2014,ambassador,advertisment,
LH,Fashionweek_Berlin,2014,model,modeling,
LH,Fashionweek_Sydney,2013,model,modeling,
LH,thejournal,2014,model,modeling,
LH,asos,,model,modeling,
LH,weidner ,2012,love,,
LH,weidner ,2013,love,,
LH,weidner ,2014,love,,
LH,weidner ,2015,love,,
LH,weidner ,2016,love,,
LH,weidner ,2017,love,,
LH,weidner ,2018,love,,
LH,Instagram,2012,influencer,social media,
LH,Instagram,2013,influencer,social media,
LH,Instagram,2014,influencer,social media,
LH,Instagram,2015,influencer,social media,
LH,Instagram,2016,influencer,social media,
LH,Instagram,2017,influencer,social media,
LH,Instagram,2018,influencer,social media,
LH,Instagram,2019,influencer,social media,
LH,Instagram,2020,influencer,social media,
LH,Instagram,2021,influencer,social media,
LH,Instagram,2022,influencer,social media,
SAH,GNTM,2012,candidate,tv show,Pro7
SAH,OneEins,2012,contract,modeling,
SAH,Veranstaltungskauffrau,,trainee,event,
SAH,lizasjewellery,2016,modeling,advertisment,
SAH,mariannaderifashion,2016,ambassador,advertisment,
SAH,cityzeit,2017,model,modeling,
SAH,restaurant,,job,food ,
SAH,GNTM_Blog,2017,model,advertisment,
SAH,soccx,2016,model,modeling,
DM,GNTM,2012,candidate,tv show,Pro7
DM,Betreuungshilfe,,job,health,
DM,rheingalerieludwigshafen,2018,ambassador,advertisment,
DM,Fashionweek_Berlin,,model,modeling,
DM,philippplein,,model,modeling,
DM,OneEins,2012,contract,modeling,
le,GNTM,2013,candidate,tv show,Pro7
le,OneEins,2013,contract,modeling,
le,pma ,2014,contract,modeling,
le,pma ,2015,contract,modeling,
le,pma ,2016,contract,modeling,
le,pma ,2017,contract,modeling,
le,pma ,2018,contract,modeling,
le,pma ,2019,contract,modeling,
le,pma ,2020,contract,modeling,
le,pma ,2021,contract,modeling,
le,pma ,2022,contract,modeling,
le,werweissdennsowas,2017,candidate ,tv show,ARD
le,annettegoertz,2016,model,modeling,
le,breuninger,2016,model,modeling,
le,tinamyake,,model,modeling,
le,franziskus,2014,love,,
le,franziskus,2015,love,,
le,franziskus,2016,love,,
le,franziskus,2017,love,,
le,franziskus,2018,love,,
le,franziskus,2019,love,,
le,ausbildung,2020,trainee,,
le,youandi,2013,model,modeling,
le,bonprix,2013,model,modeling,
le,mietenkaufenwohnen,,candidate,tv show,VOX
le,Instagram,2013,influencer,social media,
le,Instagram,2014,influencer,social media,
le,Instagram,2015,influencer,social media,
le,Instagram,2016,influencer,social media,
le,Instagram,2017,influencer,social media,
le,Instagram,2018,influencer,social media,
le,Instagram,2019,influencer,social media,
le,Instagram,2020,influencer,social media,
le,Instagram,2021,influencer,social media,
le,Instagram,2022,influencer,social media,
mvg,GNTM,2013,candidate,tv show,Pro7
mvg,thomasrath,,model,modeling,
mvg,HUFmagazine,,model,modeling,
mvg,campdavid,,model,modeling,
lw,GNTM,2013,candidate,tv show,Pro7
lw,Fashionweek_Berlin ,2013,model,modeling,
lw,OneEins,2013,contract,modeling,
lw,krankenschwester,,job,health,
sg,gntm,2014,candidate,tv show,Pro7
sg,Instagram,2022,influencer,social media,
sg,cosmopolitan,2014,model,modeling,
sg,OneEins,2014,contract,modeling,
sg,OneEins,2015,contract,modeling,
sg,musemodels,2017,contract,modeling,
sg,musemodels,2018,contract,modeling,
sg,musemodels,2019,contract,modeling,
sg,musemodels,2020,contract,modeling,
sg,musemodels,2021,contract,modeling,
sg,musemodels,2022,contract,modeling,
sg,instyle,2019,model,modeling,
sg,nylon,2019,model,modeling,
sg,vogue,2017,model,modeling,
sg,grazia,2018,model,modeling,
sg,tush,2018,model,modeling,
sg,glamour,2021,model,modeling,
sg,wmhealth,2016,model,modeling,
sg,furla,2018,ambassodor ,advertisement,
sg,calvink,2015,model,advertisement,
sg,hugoboss,2018,model,advertisement,
sg,michaelkors,2016,model,advertisement,
sg,escada,2018,ambassodor ,advertisement,
sg,aboutyou,2020,cooperation,advertisement,
sg,levis,2017,model,advertisement,
sg,bvlgari,2021,model,advertisement,
sg,louisvuitton,2022,model,advertisement,
sg,nuin,2019,founder,fashion,
sg,mon,2018,founder,cosmetic,
sg,mon,2019,founder,cosmetic,
sg,mon,2020,founder,cosmetic,
sg,mon,2021,founder,cosmetic,
sg,mon,2022,founder,cosmetic,
sg,nuin,2020,founder,fashion,
sg,nuin,2021,founder,fashion,
sg,nuin,2022,founder,fashion,
sg,loreal,2016,ambassodor ,cosmetic,
sg,loreal,2017,ambassodor ,cosmetic,
sg,loreal,2018,ambassodor ,cosmetic,
sg,loreal,2019,ambassodor ,cosmetic,
sg,loreal,2020,ambassodor ,cosmetic,
sg,nike,2020,ambassodor ,fashion,
sg,nike,2021,ambassodor ,fashion,
sg,nike,2022,ambassodor ,fashion,
sg,aboutyou,2019,cooperation,fashion,
sg,aboutyou,2021,cooperation,fashion,
sg,aboutyou,2022,cooperation,fashion,
sg,mercedes,2019,ambassodor ,advertisement,
sg,mercedes,2020,ambassodor ,advertisement,
sg,mercedes,2021,ambassodor ,advertisement,
sg,nanny,2015,actor,movie,
sg,maxgiesinger,2016,actor,music video,
sg,asphaltgorillas,2018,actor,movie,
sg,wuff,2018,actor,movie,
sg,her_story,2020,host,documentation,Sky
sg,Fashionweek_Berlin,2015,model,modeling,
sg,Fashionweek_Paris,2022,model,modeling,
sg,Fashionweek_Berlin,2016,model,modeling,
sg,butler,2016,love,,
sg,butler,2017,love,,
sg,butler,2018,love,,
sg,butler,2019,love,,
sg,butler,2020,love,,
sg,butler,2021,love,,
sg,butler,2022,love,,
sg,TikTok,2022,influencer,social media,
sg,TikTok,2021,influencer,social media,
sg,TikTok,2020,influencer,social media,
jf,GNTM,2014,candidate,tv show,Pro7
jf,Instagram,2022,influencer,social media,
jf,steiner,2022,contract,modeling,
jf,fordmex,2018,model,advertisement,
jf,maybelline,2014,ambassodor ,advertisement,
jf,emmi,2014,model,advertisment,
jf,shape,2016,model,modeling,
jf,tigi,2019,model,fashion,
it,GNTM,2014,candidate,tv show,Pro7
it,louisamodels,2022,contract,modeling,
it,pars,2015,contract,modeling,
it,Instagram,2022,influencer,advertisment,
it,kalissivienna,2019,model,fashion,
it,toga,2019,model,fashion,
it,elle,2021,model,modeling,
it,Instagram,2022,influencer,social media,
vf,GNTM,2015,candidate,tv show,Pro7
vf,OneEins,2015,contract,modeling,
vf,OneEins,2016,contract,modeling,
vf,OneEins,2017,contract,modeling,
vf,EnzioM,2020,contract,modeling,
vf,EnzioM,2021,contract,modeling,
vf,EnzioM,2022,contract,modeling,
vf,elitemodels,2020,contract,modeling,
vf,elitemodels,2021,contract,modeling,
vf,elitemodels,2022,contract,modeling,
vf,monstermanagement,2020,contract,modeling,
vf,monstermanagement,2021,contract,modeling,
vf,monstermanagement,2022,contract,modeling,
vf,karinmodels,2020,contract,modeling,
vf,karinmodels,2021,contract,modeling,
vf,karinmodels,2022,contract,modeling,
vf,issue,2020,model,modeling,
vf,lofficiel,2020,model,modeling,
vf,harpersbazaar,2021,model,modeling,
vf,lofficiel,2021,model,modeling,
vf,Fashionweek_Newyork,2021,model,modeling,
vf,Fashionweek_Newyork,2022,model,modeling,
vf,marieclaire,2022,model,modeling,
vf,Fashionweek_Newyork,2022,model,modeling,
vf,Instagram,2015,influencer,social media,
vf,Instagram,2016,influencer,social media,
vf,Instagram,2017,influencer,social media,
vf,Instagram,2018,influencer,social media,
vf,Instagram,2019,influencer,social media,
vf,Instagram,2020,influencer,social media,
vf,Instagram,2012,influencer,social media,
vf,Instagram,2022,influencer,social media,
ap,GNTM,2015,candidate,tv show,Pro7
ap,OneEins,2015,contract,modeling ,
ap,OneEins,2016,contract,modeling ,
ap,OneEins,2017,contract,modeling ,
ap,cro,2017,actor,music video,
ap,cro,2017,love,,
ap,koll,2018,love,,
ap,koll,2019,love,,
ap,koll,2020,love,,
ap,Fashionweek_Bangkok,2018,model,modeling,
ap,letsfacereality,2018,,tv show,
ap,Instagram,2015,influencer,social media,
ap,Instagram,2016,influencer,social media,
ap,Instagram,2017,influencer,social media,
ap,Instagram,2018,influencer,social media,
ap,Instagram,2019,influencer,social media,
ap,Instagram,2020,influencer,social media,
ap,Instagram,2012,influencer,social media,
ap,Instagram,2022,influencer,social media,
as,GNTM,2015,candidate,tv show,Pro7
as,twomanagement,2020,contract,agency,
as,twomanagement,2021,contract,agency,
as,twomanagement,2022,contract,agency,
as,documentjournal,2020,model,modeling,
as,numero,2020,model,modeling,
as,numero,2021,model,modeling,
as,mixte,2021,model,modeling,
as,mixte,2021,model,modeling,
as,eckenundkanten,2021,model,modeling,
as,numero,2021,model,modeling,
as,tush,2022,model,modeling,
as,lofficiel,2022,model,modeling,
kh,GNTM,2016,candidate,tv show,Pro7
kh,OneEins,2016,contract,modeling,
kh,cosmopolitan,2016,model,modeling,
kh,jerks,2017,actor,movie,joyn
kh,promishoppingqueen,2017,candidate,tv show,VOX
kh,IMGModels,2018,contract,modeling,
kh,IMGModels,2019,contract,modeling,
kh,IMGModels,2020,contract,modeling,
kh,IMGModels,2021,contract,modeling,
kh,IMGModels,2022,contract,modeling,
kh,louisamodels,2019,contract,modeling,
kh,louisamodels,2020,contract,modeling,
kh,louisamodels,2021,contract,modeling,
kh,louisamodels,2022,contract,modeling,
kh,womenforwomen,2020,ambassador,event,
kh,womenforwomen,2021,ambassador,event,
kh,womenforwomen,2022,ambassador,event,
kh,hapersBazaar,2022,model,modeling,
kh,Instagram,2016,influencer,social media,
kh,Instagram,2017,influencer,social media,
kh,Instagram,2018,influencer,social media,
kh,Instagram,2019,influencer,social media,
kh,Instagram,2020,influencer,social media,
kh,Instagram,2021,influencer,social media,
kh,Instagram,2022,influencer,social media,
kh,keen,2016,love,,
kh,keen,2017,love,,
kh,TikTok,2022,influencer,social media,
ec,GNTM,2016,candidate,tv Show,Pro7
ec,OneEins,2016,contract,modeling,
ec,OneEins,2017,contract,modeling,
ec,werweissdennsowas,2016,candidate,tv Show,ARD
ec,metropolitan,2018,contract,modeling,
ec,einstein,2018,actor,tv Show,Sat1
ec,wuff,2018,actor,movie,
ec,labauleunderben,2018,actor,tv Show,SWR
ec,7toechter,2019,candidate,tv Show,VOX
ec,talderSkorpione,2019,actor,movie,
ec,showtimeofmylife,2021,candidate,tv Show,VOX
ec,plantbasedbook,2022,author,literature,
ec,Instagram,2016,influencer,social media,
ec,Instagram,2017,influencer,social media,
ec,Instagram,2018,influencer,social media,
ec,Instagram,2019,influencer,social media,
ec,Instagram,2020,influencer,social media,
ec,Instagram,2021,influencer,social media,
ec,Instagram,2022,influencer,social media,
ec,TikTok,2022,influencer,social media,
fh,GNTM,2016,candidate,modeling,Pro7
fh,OneEins,2016,contract,modeling,
fh,Instagram,2016,influencer,social media,
fh,Instagram,2017,influencer,social media,
fh,Instagram,2018,influencer,social media,
fh,Instagram,2019,influencer,social media,
fh,Instagram,2020,influencer,social media,
fh,Instagram,2021,influencer,social media,
fh,Instagram,2022,influencer,social media,
fh,TikTok,2019,influencer,social media,
fh,TikTok,2020,influencer,social media,
fh,TikTok,2021,influencer,social media,
fh,TikTok,2022,influencer,social media,
CB,GNTM,2017,candidate,tv show,Pro7
CB,OneEins,2017,contract,modeling,
CB,elitemodels,,contract,modeling,
CB,balmai,,model,modeling,
CB,yohjiyamamoto,,model,modeling,
CB,agnesb,,model,modeling,
CB,bershka,,model,advertisment,
CB,ralphlauren,,model,advertisment,
CB,bree,,model,advertisment,
CB,cosmopolitan,,model,modeling,
CB,Fashionweek_Paris,,model,modeling,
CB,harpersbazaar,2020,model,modeling,
CB,hummels,2022,love,,
CB,nastymagazin,2020,model,modeling,
CB,cruisearoundtheworld,2020,model,modeling,
CB,Instagram,2017,influencer,social media,
CB,Instagram,2018,influencer,social media,
CB,Instagram,2019,influencer,social media,
CB,Instagram,2020,influencer,social media,
CB,Instagram,2021,influencer,social media,
CB,Instagram,2022,influencer,social media,
CB,TikTok,2020,influencer,social media,
CB,TikTok,2021,influencer,social media,
CB,TikTok,2022,influencer,social media,
SH,OneEins,2017,contract,modeling,
SH,GNTM,2017,candidate,tv show,Pro7
SH,metromodels,,contract,modeling,
SH,triumphlingerie,2020,model,modeling,
SH,shahafgershon,2020,model,modeling,
SH,brigitte,2019,model,modeling,
SH,lironmeyzabridal,2019,model,modeling,
SH,galitafashion,2019,model,modeling,
SH,aboutyou,2019,model,advertisment,
SH,fielmann,2018,model,advertisment,
SH,careline,2018,model,advertisment,
SH,primadonnamagazin,2018,model,modeling,
SH,michaelmichalsky,2018,model,advertisment,
SH,laishamagazin,2018,model,modeling,
SH,tuccilookbook,2018,model,modeling,
SH,castrofashion,2018,model,advertisment,
SH,Instagram,2017,influencer,social media,
SH,Instagram,2018,influencer,social media,
SH,Instagram,2019,influencer,social media,
SH,Instagram,2020,influencer,social media,
SH,Instagram,2021,influencer,social media,
SH,Instagram,2022,influencer,social media,
RB,GNTM,2017,candidate,tv show,Pro7
RB,fashionmanagement,,student,university,
RB,michaelmichalsky,2019,model,modeling,
RB,maisonnoée,2019,model,modeling,
tda,werweissdennsowas,2019,candidate ,tv show,ARD
tda,GNTM,2018,candidate,tv show,Pro7
tda,promishoppingqueen,2019,candidate,tv show,VOX
tda,poetryslam,,candidate,literature,
tda,jugendgottesdienst,,job,church,
tda,aboutyou,,model,modeling,
tda,zalando,,model,modeling,
tda,OneEins,2018,contract,modeling,
tda,OneEins,2019,contract,modeling,
tda,OneEins,2020,contract,modeling,
tda,OneEins,2021,contract,modeling,
tda,OneEins,2022,contract,modeling,
tda,nicosantosundtopic,2020,actor,music video,
tda,wincentweiss,2018,actor,music video,
tda,danielwellington,,model,modeling,
tda,Fashionweek_Berlin ,2019,model,modeling,
tda,lambertzmondaynight,2020,model,modeling,
tda,MedienundKommunikationsmanagement,,student,university,
tda,jokoundklaas,2019,candidate,tv show,Pro7
tda,GNTMjury,2019,jury,tv show,Pro7
tda,Instagram,2018,influencer,social media,
tda,Instagram,2019,influencer,social media,
tda,Instagram,2020,influencer,social media,
tda,Instagram,2021,influencer,social media,
tda,Instagram,2022,influencer,social media,
tda,TikTok,2020,influencer,social media,
tda,TikTok,2021,influencer,social media,
tda,TikTok,2022,influencer,social media,
tda,amazon,2021,model,modeling,
tda,latenightberlin,2018,candidate,tv show,Pro7
tda ,frühstücksfernsehen,2018,candidate,tv show,Sat1
jt,GNTM,2018,candidate,tv show,Pro7
jt,musicindustry,,music,music,
jt,Fashionweek_Berlin ,2019,model,modeling,
jt,Instagram,2018,influencer,social media,
jt,Instagram,2019,influencer,social media,
jt,Instagram,2020,influencer,social media,
jt,Instagram,2021,influencer,social media,
jt,Instagram,2022,influencer,social media,
pr,Instagram,2018,influencer,social media,
pr,Instagram,2019,influencer,social media,
pr,Instagram,2020,influencer,social media,
pr,Instagram,2021,influencer,social media,
pr,Instagram,2022,influencer,social media,
sk,GNTM,2019,candidate,tv show,Pro7
sk,Instagram,2022,influencer,social media,
sk,OneEins,2019,contract,modeling,
sk,playboy,2020,model,modeling,
sk,OneEins,2020,contract,modeling,
sk,karllagerfeld,2022,model,advertisement,
sk,palmolive,2019,ambassador,advertisement,
sr,GNTM,2019,candidate,tv show,Pro7
sr,ernstings,2021,model,fashion show,
sr,Instagram,2022,influencer,social media,
sr,handelsblatt,2022,job,human resources,
cz,GNTM,2019,candidate,tv show,Pro7
cz,Instagram,2022,influencer,social media,
cz,animalproject,2022,founder,charity,
cz,Instagram,2019,influencer,social media,
cz,Instagram,2020,influencer,social media,
cz,Instagram,2021,influencer,social media,
jwr,GNTM,2020,candidate,tv show,Pro7
jwr,OneEins,2020,contract,modeling,
jwr,OneEins,2021,contract,modeling,
jwr,bullsmgmt,2021,contract,modeling,
jwr,bullsmgmt,2022,contract,modeling,
jwr,paulmitchell,2020,model,modeling,
jwr,fruehling,2020,actor,tv show,ZDF
jwr,kerastase,2022,model,advertisement,
jwr,samuelgaertner,2022,model,modeling,
jwr,Fashionweek_Berlin,2020,model,fashion,
jwr,SchoenheitvorAlter,2021,host,podcast,
jwr,SchoenheitvorAlter,2022,host,podcast,
jwr,veto,2022,ambassador,charity,
jwr,Instagram,2020,influencer,social media,
jwr,Instagram,2021,influencer,social media,
jwr,Instagram,2022,influencer,social media,
sp,GNTM,2020,candidate,tv show,Pro7
sp,OneEins,2020,contract,modeling,
sp,OneEins,2021,contract,modeling,
sp,Fashionweek_Canada,2021,model,modeling,
sp,munichmodels,2021,contract,modeling,
sp,munichmodels,2022,contract,modeling,
sp,samuelgaertner,2022,model,modeling,
sp,lofficiel,2022,model,modeling,
sp,moevir,2022,model,modeling,
sp,Instagram,2020,influencer,social media,
sp,Instagram,2021,influencer,social media,
sp,Instagram,2022,influencer,social media,
sp,TikTok,2020,influencer,social media,
sp,TikTok,2021,influencer,social media,
sp,TikTok,2022,influencer,social media,
mu,GNTM,2020,candidate,tv show,Pro7
mu,OneEins,2020,contract,modeling,
mu,OneEins,2021,contract,modeling,
mu,tezenis,2020,model,modeling,
mu,lemanagement,2021,contract,modeling,
mu,lemanagement,2022,contract,modeling,
mu,bodylondon,2022,contract,modeling,
mu,Fashionweek_Berlin,2022,model,modeling,
mu,Instagram,2020,influencer,social media,
mu,Instagram,2021,influencer,social media,
mu,Instagram,2022,influencer,social media,
mu,TikTok,2020,influencer,social media,
mu,TikTok,2021,influencer,social media,
mu,TikTok,2022,influencer,social media,
amp,GNTM,2021,candidate,tv show,Pro7
amp,hapersbazaar,2021,model,modeling,
amp,swarovski,2021,model,modeling,
amp,stevemadon,2021,model,modeling,
amp,oceansapart,2021,model,modeling,
amp,marinahoermannseder,2021,model,modeling,
amp,diorBeauty,2022,ambassador,modeling,
amp,kyliecosmetics,2022,model,modeling,
amp,loreal,2022,model,advertisment,
amp,peekundcloppenburg,2022,founder,modeling,
amp,Instagram,2021,influencer,social media,
amp,Instagram,2022,influencer,social media,
amp,TikTok,2021,influencer,social media,
amp,TikTok,2022,influencer,social media,
dc,GNTM,2021,candidate,tv show,Pro7
dc,zalando,2021,model,modeling,
dc,marcelostertag,2021,model,modeling,
dc,killiankerner,2021,model,modeling,
dc,adidas,2021,model,modeling,
dc,Fashionweek_Berlin,2021,model,modeling,
dc,buchstabenBattle,2021,candidate,tv show,RTL
dc,behindeblueeyes,2021,actor,musicvideo,
dc,maskoff,2022,candidate,tv show,joyn
dc,Instagram,2021,influencer,social media,
dc,Instagram,2022,influencer,social media,
dc,TikTok,2021,influencer,social media,
dc,TikTok,2022,influencer,social media,
so,GNTM,2021,candidate,tv show,Pro7
so,louisamodels,2022,contract,modeling,
so,louisamodels,2021,contract,modeling,
so,suprememgmtparis,2021,contract,modeling,
so,suprememgmtparis,2022,contract,modeling,
so,womenmilano,2021,contract,modeling,
so,womenmilano,2022,contract,modeling,
so,lindenstaub,2021,contract,modeling,
so,lindenstaub,2022,contract,modeling,
so,selectmodelstockholm,2021,contract,modeling,
so,selectmodelstockholm,2022,contract,modeling,
so,schwarzkopf,2021,model,modeling,
so,peekundcloppenburg,2021,model,modeling,
so,Fashionweek_Berlin,2021,model,modeling,
so,calzedonia,2021,model,modeling,
so,ferragamo,2021,model,modeling,
so,harpersbazaar,2021,model,modeling,
so,lofficiel,2021,model,modeling,
so,ferragamo,2022,model,modeling,
so,Instagram,2021,influencer,social media,
so,Instagram,2022,influencer,social media,
so,TikTok,2021,influencer,social media,
so,TikTok,2022,influencer,social media,
